"Species","survey_year","dbh_class","AtoAU_rate","LCI_95","UCI_95","mean_dbh","N0","n_died","mean_timeint_yr"
"All","2013","[100,152]",0,0,0.06,0,2165,0,4.7
"All","2014","[100,152]",0,0,2.33,0,2179,0,1.26
"All","2015","[100,152]",0,0,2.89,0,2130,0,0.79
"All","2016","[100,152]",3.11,2.27,3.64,3.96,2095,65,1
"All","2017","[100,152]",5.32,4.15,3.98,6.63,2039,111,1.02
"All","2018","[100,152]",2.3,1.67,3.79,2.99,1971,43,0.95
"All","2019","[100,152]",1.95,1.25,1.06,2.74,1660,34,1.05
"All","2020","[100,152]",5.39,4.27,3.89,6.5,1923,106,1.02
"All","2021","[100,152]",10.8,8.9,5.45,12.83,1861,186,0.92
"All","2022","[100,152]",10.01,8.06,3.38,12.25,1773,189,1.07
"All","2013","(152,231]",0,0,0.04,0,1744,0,4.71
"All","2014","(152,231]",0,0,2.23,0,1757,0,1.25
"All","2015","(152,231]",0,0,2.94,0,1720,0,0.79
"All","2016","(152,231]",1.9,1.21,2.71,2.82,1691,32,1
"All","2017","(152,231]",3.36,2.46,3.22,4.43,1655,57,1.02
"All","2018","(152,231]",1.76,1.1,2.16,2.54,1615,27,0.95
"All","2019","(152,231]",1.77,1.07,0.55,2.68,1670,31,1.05
"All","2020","(152,231]",4.64,3.54,3.38,5.82,1668,79,1.02
"All","2021","(152,231]",7.87,6.31,4.43,9.62,1618,118,0.92
"All","2022","(152,231]",7.37,5.54,2.58,9.4,1554,122,1.07
"All","2013","(231,351]",0,0,0,0,1365,0,4.7
"All","2014","(231,351]",0,0,1.99,0,1368,0,1.26
"All","2015","(231,351]",0,0,1.3,0,1342,0,0.79
"All","2016","(231,351]",2.41,1.42,2.1,3.68,1334,32,1
"All","2017","(231,351]",2.75,1.86,2.91,3.67,1314,37,1.02
"All","2018","(231,351]",1.48,0.8,3.02,2.24,1288,18,0.94
"All","2019","(231,351]",2.39,1.48,0.98,3.54,1316,33,1.05
"All","2020","(231,351]",4.19,3.07,3.64,5.37,1308,56,1.02
"All","2021","(231,351]",6.19,4.96,4.19,7.57,1270,73,0.93
"All","2022","(231,351]",7.26,5.41,3.72,9.53,1232,95,1.07
"All","2013","(351,534]",0,0,0,0,1408,0,4.71
"All","2014","(351,534]",0,0,0.88,0,1413,0,1.25
"All","2015","(351,534]",0,0,1.62,0,1404,0,0.79
"All","2016","(351,534]",1.73,1.09,0.99,2.36,1393,24,1
"All","2017","(351,534]",3.18,2.23,2.25,4.23,1383,45,1.02
"All","2018","(351,534]",2.01,1.14,2.88,3.01,1361,26,0.95
"All","2019","(351,534]",2.38,1.49,0.98,3.26,1285,32,1.05
"All","2020","(351,534]",6.82,5.36,3.98,8.55,1276,89,1.02
"All","2021","(351,534]",6.75,5.2,4.6,8.38,1239,78,0.93
"All","2022","(351,534]",6.77,5.14,3.91,8.67,1197,86,1.06
"All","2013","(534,811]",0,0,0,0,1199,0,4.72
"All","2014","(534,811]",0,0,0.71,0,1201,0,1.24
"All","2015","(534,811]",0,0,1.19,0,1194,0,0.79
"All","2016","(534,811]",1.27,0.71,1.45,2.03,1188,15,0.99
"All","2017","(534,811]",3.68,2.39,2.41,5.16,1179,44,1.01
"All","2018","(534,811]",1.72,0.95,1.97,2.48,1160,19,0.95
"All","2019","(534,811]",2.32,1.26,0.63,3.62,1243,30,1.04
"All","2020","(534,811]",5.82,4.38,2.75,7.2,1239,74,1.03
"All","2021","(534,811]",6.13,4.4,3.66,7.96,1214,70,0.94
"All","2022","(534,811]",6.48,4.82,1.25,8.28,1183,81,1.06
"All","2013","(811,1.23e+03]",0,0,0,0,123,0,4.7
"All","2014","(811,1.23e+03]",0,0,3.33,0,123,0,1.27
"All","2015","(811,1.23e+03]",0,0,3.45,0,121,0,0.79
"All","2016","(811,1.23e+03]",1.68,0,0,4.45,120,2,0.99
"All","2017","(811,1.23e+03]",4.9,1.51,4.32,9.6,121,6,1.01
"All","2018","(811,1.23e+03]",1.76,0,6.19,4.38,119,2,0.95
"All","2019","(811,1.23e+03]",4,1.28,3.34,7.49,144,6,1.04
"All","2020","(811,1.23e+03]",10.38,5.85,10.73,15.28,142,15,1.02
"All","2021","(811,1.23e+03]",13.53,7.55,6,19.9,132,17,0.95
"All","2022","(811,1.23e+03]",10.96,5.93,8.85,16.4,128,15,1.07
"All","2013","(1.23e+03,1.87e+03]",0,0,0,0,8,0,4.53
"All","2014","(1.23e+03,1.87e+03]",0,0,0,0,8,0,1.23
"All","2015","(1.23e+03,1.87e+03]",0,0,0,0,8,0,0.78
"All","2016","(1.23e+03,1.87e+03]",0,0,0,0,8,0,1
"All","2017","(1.23e+03,1.87e+03]",0,0,0,0,8,0,1
"All","2018","(1.23e+03,1.87e+03]",0,0,0,0,8,0,0.94
"All","2019","(1.23e+03,1.87e+03]",10.61,0,0,37.34,9,1,1.05
"All","2020","(1.23e+03,1.87e+03]",0,0,0,0,9,0,1.02
"All","2021","(1.23e+03,1.87e+03]",11.6,0,39.27,38.06,9,1,0.95
"All","2022","(1.23e+03,1.87e+03]",0,0,0,0,8,0,1.12
"acne","2013","[100,152]",0,0,0,0,4,0,4.67
"acne","2014","[100,152]",0,0,0,0,4,0,1.24
"acne","2015","[100,152]",0,0,0,0,4,0,0.8
"acne","2016","[100,152]",0,0,0,0,4,0,1
"acne","2017","[100,152]",0,0,0,0,4,0,1.01
"acne","2018","[100,152]",0,0,0,0,4,0,0.98
"acne","2019","[100,152]",0,0,0,0,2,0,1.04
"acne","2020","[100,152]",16.44,0,0,100,6,1,1.01
"acne","2021","[100,152]",18.48,0,0,82.63,6,1,0.89
"acne","2022","[100,152]",17.75,0,0,29.35,5,1,1.14
"acne","2013","(152,231]",0,0,0,0,1,0,4.84
"acne","2014","(152,231]",0,0,0,0,1,0,1.15
"acne","2015","(152,231]",0,0,0,0,1,0,0.8
"acne","2016","(152,231]",0,0,0,0,1,0,0.99
"acne","2017","(152,231]",0,0,0,0,1,0,1
"acne","2018","(152,231]",0,0,0,0,1,0,1.03
"acne","2019","(152,231]",0,0,0,0,2,0,1.04
"acne","2020","(152,231]",0,0,0,0,3,0,1.02
"acne","2021","(152,231]",0,0,0,0,3,0,0.9
"acne","2022","(152,231]",29.81,0,0,100,3,1,1.15
"acne","2013","(231,351]",0,0,0,0,1,0,4.52
"acne","2014","(231,351]",0,0,0,0,1,0,1.39
"acne","2015","(231,351]",0,0,0,0,1,0,0.75
"acne","2016","(231,351]",0,0,0,0,1,0,1
"acne","2017","(231,351]",0,0,0,0,1,0,1.05
"acne","2018","(231,351]",0,0,0,0,1,0,0.9
"acne","2019","(231,351]",0,0,0,0,2,0,1.01
"acne","2020","(231,351]",0,0,0,0,2,0,1.03
"acne","2021","(231,351]",0,0,0,0,2,0,0.95
"acne","2022","(231,351]",48.01,0,0,100,2,1,1.06
"acpl","2013","[100,152]",0,0,0,0,1,0,4.74
"acpl","2014","[100,152]",0,0,0,0,1,0,1.14
"acpl","2015","[100,152]",0,0,0,0,1,0,0.8
"acpl","2016","[100,152]",0,0,0,0,1,0,0.99
"acpl","2017","[100,152]",0,0,0,0,1,0,1.02
"acpl","2018","[100,152]",0,0,0,0,1,0,0.93
"acpl","2019","[100,152]",0,0,0,0,1,0,1.04
"acpl","2020","[100,152]",0,0,0,0,1,0,1.03
"acpl","2021","[100,152]",0,0,0,0,1,0,0.97
"acpl","2022","[100,152]",0,0,0,0,1,0,1.03
"acpl","2013","(152,231]",0,0,0,0,4,0,4.75
"acpl","2014","(152,231]",0,0,0,0,4,0,1.22
"acpl","2015","(152,231]",0,0,0,0,4,0,0.79
"acpl","2016","(152,231]",0,0,0,0,4,0,0.98
"acpl","2017","(152,231]",0,0,0,0,4,0,1.05
"acpl","2018","(152,231]",0,0,0,0,4,0,0.94
"acpl","2019","(152,231]",0,0,0,0,4,0,1.01
"acpl","2020","(152,231]",0,0,0,0,4,0,1.04
"acpl","2021","(152,231]",0,0,0,0,4,0,0.91
"acpl","2022","(152,231]",0,0,0,0,4,0,1.09
"acpl","2013","(231,351]",0,0,0,0,2,0,4.78
"acpl","2014","(231,351]",0,0,0,0,2,0,1.16
"acpl","2015","(231,351]",0,0,0,0,2,0,0.8
"acpl","2016","(231,351]",0,0,0,0,2,0,0.98
"acpl","2017","(231,351]",0,0,0,0,2,0,1.02
"acpl","2018","(231,351]",0,0,0,0,2,0,1.03
"acpl","2019","(231,351]",0,0,0,0,1,0,0.85
"acpl","2020","(231,351]",0,0,0,0,1,0,1.07
"acpl","2021","(231,351]",0,0,0,0,1,0,0.96
"acpl","2022","(231,351]",0,0,0,0,1,0,1.14
"acpl","2019","(351,534]",0,0,0,0,1,0,1
"acpl","2020","(351,534]",0,0,0,0,1,0,1.03
"acpl","2021","(351,534]",0,0,0,0,1,0,0.94
"acpl","2022","(351,534]",0,0,0,0,1,0,1
"acru","2013","[100,152]",0,0,0,0,71,0,4.73
"acru","2014","[100,152]",0,0,6.45,0,71,0,1.24
"acru","2015","[100,152]",0,0,0,0,69,0,0.79
"acru","2016","[100,152]",13.07,4.78,4.5,22.75,69,9,1
"acru","2017","[100,152]",2.87,0,4.55,6.84,68,2,1.02
"acru","2018","[100,152]",6.24,1.44,9.77,13.27,67,4,0.95
"acru","2019","[100,152]",1.68,0,5.82,5.78,56,1,1.06
"acru","2020","[100,152]",9.62,3.2,12.85,16.97,61,6,1.02
"acru","2021","[100,152]",9.4,2.13,9.47,17.47,58,5,0.91
"acru","2022","[100,152]",18.72,8.48,11.03,30.1,56,11,1.06
"acru","2013","(152,231]",0,0,0,0,61,0,4.69
"acru","2014","(152,231]",0,0,3.87,0,61,0,1.28
"acru","2015","(152,231]",0,0,7.04,0,60,0,0.79
"acru","2016","(152,231]",0,0,0,0,59,0,1
"acru","2017","(152,231]",3.29,0,0,8.47,59,2,1.03
"acru","2018","(152,231]",3.54,0,0,9.95,59,2,0.96
"acru","2019","(152,231]",1.58,0,0,5.42,60,1,1.05
"acru","2020","(152,231]",9.9,1.92,6.04,19.7,60,6,1.01
"acru","2021","(152,231]",11.44,3.57,6.51,21.58,58,6,0.9
"acru","2022","(152,231]",8.74,1.86,5.81,17.93,55,5,1.04
"acru","2013","(231,351]",0,0,0,0,30,0,4.67
"acru","2014","(231,351]",0,0,7.81,0,30,0,1.3
"acru","2015","(231,351]",0,0,14.3,0,29,0,0.79
"acru","2016","(231,351]",0,0,0,0,28,0,1
"acru","2017","(231,351]",3.49,0,0,12.29,28,1,1.02
"acru","2018","(231,351]",0,0,0,0,28,0,0.96
"acru","2019","(231,351]",0,0,0,0,33,0,1.03
"acru","2020","(231,351]",8.81,0,0,20.26,33,3,1.03
"acru","2021","(231,351]",13.47,0,0,24.23,33,4,0.89
"acru","2022","(231,351]",8.84,0,10.64,18.38,32,3,1.06
"acru","2013","(351,534]",0,0,0,0,22,0,4.63
"acru","2014","(351,534]",0,0,0,0,22,0,1.36
"acru","2015","(351,534]",0,0,0,0,22,0,0.81
"acru","2016","(351,534]",0,0,0,0,22,0,1
"acru","2017","(351,534]",4.41,0,0,13.07,22,1,1.03
"acru","2018","(351,534]",9.63,0,14.39,18.65,22,2,0.94
"acru","2019","(351,534]",4.76,0,0,18.08,20,1,1.05
"acru","2020","(351,534]",4.91,0,0,13.5,20,1,1.02
"acru","2021","(351,534]",11.32,0,22.13,30.45,20,2,0.88
"acru","2022","(351,534]",0,0,17.86,0,18,0,1.12
"acru","2013","(534,811]",0,0,0,0,5,0,4.53
"acru","2014","(534,811]",0,0,0,0,5,0,1.32
"acru","2015","(534,811]",0,0,0,0,5,0,0.86
"acru","2016","(534,811]",0,0,0,0,5,0,0.99
"acru","2017","(534,811]",0,0,0,0,5,0,1.02
"acru","2018","(534,811]",0,0,0,0,5,0,0.97
"acru","2019","(534,811]",0,0,0,0,6,0,0.99
"acru","2020","(534,811]",0,0,0,0,6,0,1.02
"acru","2021","(534,811]",18.26,0,0,42.92,6,1,0.9
"acru","2022","(534,811]",15.33,0,0,36.16,6,1,1.1
"aial","2013","[100,152]",0,0,0,0,1,0,4.42
"aial","2014","[100,152]",0,0,0,0,1,0,1.48
"aial","2015","[100,152]",0,0,0,0,1,0,0.82
"aial","2016","[100,152]",0,0,0,0,1,0,0.95
"aial","2017","[100,152]",0,0,0,0,1,0,0.92
"aial","2018","[100,152]",0,0,0,0,1,0,0.99
"aial","2013","(152,231]",0,0,0,0,1,0,4.41
"aial","2014","(152,231]",0,0,0,0,1,0,1.49
"aial","2015","(152,231]",0,0,0,0,1,0,0.81
"aial","2016","(152,231]",0,0,0,0,1,0,0.96
"aial","2017","(152,231]",0,0,0,0,1,0,0.92
"aial","2018","(152,231]",0,0,0,0,1,0,0.99
"aial","2019","(152,231]",0,0,0,0,2,0,0.99
"aial","2020","(152,231]",0,0,0,0,2,0,1.04
"aial","2021","(152,231]",0,0,48.95,0,2,0,1.03
"aial","2022","(152,231]",0,0,0,0,1,0,1.02
"aial","2013","(231,351]",0,0,0,0,2,0,4.47
"aial","2014","(231,351]",0,0,0,0,2,0,1.42
"aial","2015","(231,351]",0,0,0,0,2,0,0.81
"aial","2016","(231,351]",0,0,0,0,2,0,0.96
"aial","2017","(231,351]",0,0,0,0,2,0,0.92
"aial","2018","(231,351]",50.21,0,0,100,2,1,0.99
"aial","2019","(231,351]",0,0,0,0,1,0,0.99
"aial","2020","(231,351]",0,0,0,0,1,0,1.05
"aial","2021","(231,351]",0,0,0,0,1,0,1.01
"aial","2022","(231,351]",0,0,0,0,1,0,1.16
"aial","2019","(351,534]",0,0,0,0,1,0,0.98
"aial","2020","(351,534]",0,0,0,0,1,0,1.05
"aial","2021","(351,534]",0,0,0,0,1,0,1.08
"aial","2022","(351,534]",0,0,0,0,1,0,1.02
"amar","2013","[100,152]",0,0,0,0,14,0,4.71
"amar","2014","[100,152]",0,0,0,0,14,0,1.25
"amar","2015","[100,152]",0,0,0,0,14,0,0.8
"amar","2016","[100,152]",0,0,0,0,14,0,1
"amar","2017","[100,152]",0,0,24.68,0,14,0,1.03
"amar","2018","[100,152]",0,0,0,0,13,0,0.97
"amar","2019","[100,152]",0,0,0,0,13,0,1.03
"amar","2020","[100,152]",5.83,0,0,17.16,17,1,1.01
"amar","2021","[100,152]",6.34,0,0,21.38,17,1,0.93
"amar","2022","[100,152]",19.23,0,32.65,41.27,15,3,1.04
"amar","2013","(152,231]",0,0,0,0,4,0,4.66
"amar","2014","(152,231]",0,0,0,0,4,0,1.26
"amar","2015","(152,231]",0,0,0,0,4,0,0.79
"amar","2016","(152,231]",0,0,0,0,4,0,0.99
"amar","2017","(152,231]",0,0,0,0,4,0,1.03
"amar","2018","(152,231]",0,0,0,0,4,0,0.96
"amar","2019","(152,231]",32.63,0,0,100,3,1,1.03
"amar","2020","(152,231]",0,0,0,0,3,0,0.96
"amar","2021","(152,231]",0,0,0,0,3,0,0.96
"amar","2022","(152,231]",0,0,0,0,3,0,1.03
"amar","2019","(231,351]",100,100,0,100,1,1,1.03
"amar","2020","(231,351]",0,0,0,0,1,0,1.06
"amar","2021","(231,351]",0,0,0,0,1,0,1.02
"amar","2022","(231,351]",0,0,0,0,1,0,1.02
"astr","2013","[100,152]",0,0,0,0,4,0,4.57
"astr","2014","[100,152]",0,0,0,0,4,0,1.35
"astr","2015","[100,152]",0,0,0,0,4,0,0.76
"astr","2016","[100,152]",0,0,0,0,4,0,0.99
"astr","2017","[100,152]",0,0,0,0,4,0,1.07
"astr","2018","[100,152]",0,0,0,0,4,0,0.97
"astr","2019","[100,152]",0,0,0,0,4,0,1
"astr","2020","[100,152]",9.92,0,0,27.93,10,1,1.01
"astr","2021","[100,152]",10.68,0,0,30.18,10,1,0.93
"astr","2022","[100,152]",9.39,0,0,36.54,10,1,1.07
"caca","2013","[100,152]",0,0,0,0,206,0,4.6
"caca","2014","[100,152]",0,0,1.14,0,207,0,1.36
"caca","2015","[100,152]",0,0,0,0,206,0,0.78
"caca","2016","[100,152]",3.85,1.37,5.69,6.92,206,8,1.01
"caca","2017","[100,152]",3.41,1.06,9.54,6.2,199,7,1.03
"caca","2018","[100,152]",1.7,0,6.55,3.66,188,3,0.94
"caca","2019","[100,152]",1.86,0,0,4.71,155,3,1.04
"caca","2020","[100,152]",8.64,3.85,2.43,14.19,217,19,1.01
"caca","2021","[100,152]",17.12,11.2,5.51,23.31,215,34,0.92
"caca","2022","[100,152]",22.36,16.22,2.32,27.89,208,51,1.11
"caca","2013","(152,231]",0,0,0,0,39,0,4.57
"caca","2014","(152,231]",0,0,12.95,0,40,0,1.38
"caca","2015","(152,231]",0,0,0,0,37,0,0.78
"caca","2016","(152,231]",2.68,0,0,9.03,37,1,1.01
"caca","2017","(152,231]",7.78,0,0,16.61,37,3,1.04
"caca","2018","(152,231]",2.84,0,10.22,9.89,37,1,0.95
"caca","2019","(152,231]",1.78,0,0,6.73,54,1,1.04
"caca","2020","(152,231]",5.45,0,6.73,14.14,54,3,1.02
"caca","2021","(152,231]",29.01,16.8,7.02,43.65,53,14,0.9
"caca","2022","(152,231]",17.71,7.69,0,27.35,51,10,1.12
"caca","2013","(231,351]",0,0,0,0,1,0,4.61
"caca","2014","(231,351]",0,0,0,0,1,0,1.24
"caca","2015","(231,351]",0,0,0,0,1,0,0.75
"caca","2016","(231,351]",0,0,0,0,1,0,1.03
"caca","2017","(231,351]",0,0,0,0,1,0,0.99
"caca","2018","(231,351]",0,0,0,0,1,0,0.96
"caca","2019","(231,351]",0,0,0,0,2,0,1.01
"caca","2020","(231,351]",0,0,0,0,2,0,1
"caca","2021","(231,351]",50.12,0,0,100,2,1,1
"caca","2022","(231,351]",0,0,0,0,2,0,1.06
"caca","2013","(351,534]",0,0,0,0,1,0,4.58
"caca","2014","(351,534]",0,0,0,0,1,0,1.3
"caca","2015","(351,534]",0,0,0,0,1,0,0.78
"caca","2016","(351,534]",0,0,0,0,1,0,1.01
"caca","2017","(351,534]",0,0,0,0,1,0,1.04
"caca","2018","(351,534]",0,0,0,0,1,0,0.99
"caca","2019","(351,534]",0,0,0,0,1,0,0.96
"caca","2020","(351,534]",0,0,0,0,1,0,0.97
"caca","2021","(351,534]",0,0,0,0,1,0,1.17
"caca","2022","(351,534]",0,0,0,0,1,0,0.96
"caco","2013","[100,152]",0,0,0,0,67,0,4.68
"caco","2014","[100,152]",0,0,4.23,0,67,0,1.22
"caco","2015","[100,152]",0,0,0,0,66,0,0.8
"caco","2016","[100,152]",1.53,0,13.08,4.75,66,1,0.99
"caco","2017","[100,152]",0,0,5.16,0,62,0,1.01
"caco","2018","[100,152]",3.43,0,5.75,7.99,61,2,0.95
"caco","2019","[100,152]",4.09,0,0,15.72,49,2,1
"caco","2020","[100,152]",3.05,0,0,8.14,64,2,1.02
"caco","2021","[100,152]",1.6,0,7.6,4.31,64,1,0.97
"caco","2022","[100,152]",7.51,1.72,0,14,62,5,1.08
"caco","2013","(152,231]",0,0,0,0,67,0,4.67
"caco","2014","(152,231]",0,0,7.47,0,69,0,1.24
"caco","2015","(152,231]",0,0,7.11,0,67,0,0.79
"caco","2016","(152,231]",1.53,0,5.15,5.58,66,1,0.99
"caco","2017","(152,231]",3,0,15.35,6.6,65,2,1.02
"caco","2018","(152,231]",1.73,0,0,5.87,60,1,0.97
"caco","2019","(152,231]",0,0,0,0,57,0,1.01
"caco","2020","(152,231]",1.72,0,0,6.27,57,1,1.02
"caco","2021","(152,231]",1.87,0,6.13,5.86,57,1,0.94
"caco","2022","(152,231]",6.58,1.47,0,13.3,56,4,1.09
"caco","2013","(231,351]",0,0,0,0,43,0,4.67
"caco","2014","(231,351]",0,0,0,0,42,0,1.27
"caco","2015","(231,351]",0,0,0,0,42,0,0.79
"caco","2016","(231,351]",4.77,0,11.56,10.63,42,2,1
"caco","2017","(231,351]",0,0,13.62,0,40,0,1.03
"caco","2018","(231,351]",5.59,0,0,13.3,37,2,0.97
"caco","2019","(231,351]",0,0,0,0,46,0,1.01
"caco","2020","(231,351]",4.27,0,0,10.67,46,2,1.02
"caco","2021","(231,351]",7.06,0,7.09,16.39,46,3,0.92
"caco","2022","(231,351]",6.24,0,10.31,12.54,45,3,1.07
"caco","2013","(351,534]",0,0,0,0,46,0,4.65
"caco","2014","(351,534]",0,0,0,0,46,0,1.27
"caco","2015","(351,534]",0,0,9.18,0,46,0,0.79
"caco","2016","(351,534]",2.22,0,6.4,6.68,45,1,1
"caco","2017","(351,534]",2.21,0,13.34,6.66,44,1,1.03
"caco","2018","(351,534]",0,0,0,0,41,0,0.98
"caco","2019","(351,534]",9.52,1.88,0,22.02,42,4,1
"caco","2020","(351,534]",0,0,7.27,0,42,0,1.02
"caco","2021","(351,534]",2.6,0,0,7.89,41,1,0.94
"caco","2022","(351,534]",9.42,2.35,0,18.59,40,4,1.06
"caco","2013","(534,811]",0,0,0,0,9,0,4.72
"caco","2014","(534,811]",0,0,0,0,9,0,1.21
"caco","2015","(534,811]",0,0,0,0,9,0,0.8
"caco","2016","(534,811]",11.2,0,37.62,37.81,9,1,0.99
"caco","2017","(534,811]",0,0,43.24,0,8,0,1.03
"caco","2018","(534,811]",0,0,0,0,7,0,0.98
"caco","2019","(534,811]",0,0,0,0,10,0,0.98
"caco","2020","(534,811]",9.76,0,0,36.31,10,1,1.03
"caco","2021","(534,811]",0,0,38.93,0,10,0,0.94
"caco","2022","(534,811]",0,0,0,0,9,0,1.08
"cade","2013","[100,152]",0,0,0,0,1,0,4.69
"cade","2014","[100,152]",0,0,0,0,1,0,1.19
"cade","2015","[100,152]",0,0,0,0,1,0,0.81
"cade","2016","[100,152]",0,0,0,0,1,0,0.97
"cade","2017","[100,152]",0,0,0,0,1,0,0.98
"cade","2018","[100,152]",0,0,0,0,1,0,0.93
"cade","2019","[100,152]",0,0,0,0,1,0,1.03
"cade","2020","[100,152]",100,100,0,100,1,1,0.98
"cade","2021","[100,152]",0,0,0,0,1,0,1.12
"cade","2022","[100,152]",0,0,100,0,1,0,1.06
"cagl","2013","[100,152]",0,0,0,0,266,0,4.74
"cagl","2014","[100,152]",0,0,2.13,0,269,0,1.23
"cagl","2015","[100,152]",0,0,3.19,0,266,0,0.79
"cagl","2016","[100,152]",0.38,0,3,1.27,263,1,1
"cagl","2017","[100,152]",1.13,0,5,3.04,259,3,1.03
"cagl","2018","[100,152]",0.41,0,2.13,1.45,252,1,0.96
"cagl","2019","[100,152]",2.08,0.39,0,4.55,228,5,1.05
"cagl","2020","[100,152]",3.28,1.24,3.73,5.57,241,8,1.01
"cagl","2021","[100,152]",4.57,1.95,4.5,7.65,235,10,0.93
"cagl","2022","[100,152]",2.52,0.87,2.13,4.57,230,6,1.04
"cagl","2013","(152,231]",0,0,0,0,206,0,4.74
"cagl","2014","(152,231]",0,0,2.06,0,208,0,1.23
"cagl","2015","(152,231]",0,0,3.18,0,205,0,0.79
"cagl","2016","(152,231]",0.49,0,3.39,1.76,203,1,1
"cagl","2017","(152,231]",0.97,0,3.19,2.59,200,2,1.03
"cagl","2018","(152,231]",1.06,0,2.67,2.63,197,2,0.96
"cagl","2019","(152,231]",0.95,0,0,2.48,201,2,1.05
"cagl","2020","(152,231]",3.9,1.43,2.57,6.43,202,8,1.02
"cagl","2021","(152,231]",3.29,1,5.98,6.43,199,6,0.91
"cagl","2022","(152,231]",4.96,2.27,4.08,8.41,192,10,1.05
"cagl","2013","(231,351]",0,0,0,0,166,0,4.7
"cagl","2014","(231,351]",0,0,1.48,0,166,0,1.25
"cagl","2015","(231,351]",0,0,2.6,0,164,0,0.79
"cagl","2016","(231,351]",0,0,1.96,0,163,0,1
"cagl","2017","(231,351]",0,0,2,0,162,0,1.03
"cagl","2018","(231,351]",0,0,5.56,0,161,0,0.94
"cagl","2019","(231,351]",3.45,1.1,1.94,6.62,165,6,1.05
"cagl","2020","(231,351]",5.42,1.6,2.1,9.69,164,9,1.01
"cagl","2021","(231,351]",3.28,0.71,4.38,6.29,163,5,0.93
"cagl","2022","(231,351]",5.99,2.81,3.3,9.86,160,10,1.04
"cagl","2013","(351,534]",0,0,0,0,112,0,4.72
"cagl","2014","(351,534]",0,0,3.62,0,112,0,1.25
"cagl","2015","(351,534]",0,0,0,0,110,0,0.79
"cagl","2016","(351,534]",0,0,0,0,110,0,1
"cagl","2017","(351,534]",0.88,0,4.51,3,110,1,1.03
"cagl","2018","(351,534]",0.98,0,3.26,3.4,108,1,0.95
"cagl","2019","(351,534]",3.28,0.74,2.71,6.62,115,4,1.06
"cagl","2020","(351,534]",2.61,0,6.08,5.88,114,3,1.01
"cagl","2021","(351,534]",3.88,0,5.16,8.77,111,4,0.93
"cagl","2022","(351,534]",5.23,1.75,0,9.33,109,6,1.05
"cagl","2013","(534,811]",0,0,0,0,12,0,4.74
"cagl","2014","(534,811]",0,0,0,0,12,0,1.26
"cagl","2015","(534,811]",0,0,0,0,12,0,0.79
"cagl","2016","(534,811]",0,0,0,0,12,0,1
"cagl","2017","(534,811]",0,0,0,0,12,0,1.05
"cagl","2018","(534,811]",0,0,0,0,12,0,0.92
"cagl","2019","(534,811]",0,0,0,0,16,0,1.07
"cagl","2020","(534,811]",6.24,0,0,21.46,16,1,1
"cagl","2021","(534,811]",0,0,0,0,16,0,0.96
"cagl","2022","(534,811]",5.9,0,0,20.44,16,1,1.06
"cagl","2013","(811,1.23e+03]",0,0,0,0,1,0,4.61
"cagl","2014","(811,1.23e+03]",0,0,0,0,1,0,1.25
"cagl","2015","(811,1.23e+03]",0,0,0,0,1,0,0.75
"cagl","2016","(811,1.23e+03]",0,0,0,0,1,0,1.03
"cagl","2017","(811,1.23e+03]",0,0,0,0,1,0,0.99
"cagl","2018","(811,1.23e+03]",0,0,0,0,1,0,0.96
"cagl","2019","(811,1.23e+03]",100,100,0,100,1,1,1.09
"cagl","2020","(811,1.23e+03]",0,0,0,0,1,0,0.98
"cagl","2021","(811,1.23e+03]",0,0,0,0,1,0,1.04
"cagl","2022","(811,1.23e+03]",0,0,0,0,1,0,0.96
"caovl","2013","[100,152]",0,0,0,0,96,0,4.72
"caovl","2014","[100,152]",0,0,0,0,96,0,1.26
"caovl","2015","[100,152]",0,0,0,0,96,0,0.79
"caovl","2016","[100,152]",1.04,0,0,3.28,96,1,1
"caovl","2017","[100,152]",1.01,0,3.53,3.57,96,1,1.03
"caovl","2018","[100,152]",2.24,0,5.97,5.98,95,2,0.94
"caovl","2019","[100,152]",1.14,0,0,3.58,83,1,1.06
"caovl","2020","[100,152]",3.43,0,4.16,7.28,86,3,1.02
"caovl","2021","[100,152]",5.09,1.16,4.62,10.43,85,4,0.92
"caovl","2022","[100,152]",5.56,1.38,3.5,9.61,84,5,1.07
"caovl","2013","(152,231]",0,0,0,0,85,0,4.72
"caovl","2014","(152,231]",0,0,0,0,86,0,1.25
"caovl","2015","(152,231]",0,0,4.77,0,86,0,0.79
"caovl","2016","(152,231]",2.36,0,0,5.91,85,2,1
"caovl","2017","(152,231]",1.14,0,5.77,3.73,85,1,1.03
"caovl","2018","(152,231]",0,0,0,0,83,0,0.92
"caovl","2019","(152,231]",3.19,0,0,6.95,88,3,1.07
"caovl","2020","(152,231]",0,0,0,0,88,0,1.03
"caovl","2021","(152,231]",6.22,1.52,0,12.31,88,5,0.91
"caovl","2022","(152,231]",3.18,0,3.6,6.82,88,3,1.07
"caovl","2013","(231,351]",0,0,0,0,80,0,4.73
"caovl","2014","(231,351]",0,0,3.31,0,81,0,1.26
"caovl","2015","(231,351]",0,0,0,0,80,0,0.79
"caovl","2016","(231,351]",0,0,0,0,80,0,1
"caovl","2017","(231,351]",1.22,0,0,4.14,80,1,1.03
"caovl","2018","(231,351]",0,0,4.3,0,80,0,0.93
"caovl","2019","(231,351]",1.16,0,0,3.97,81,1,1.07
"caovl","2020","(231,351]",1.2,0,8.56,3.78,81,1,1.03
"caovl","2021","(231,351]",4.18,0,0,11.13,78,3,0.92
"caovl","2022","(231,351]",8.52,2.45,5.83,14.83,77,7,1.07
"caovl","2013","(351,534]",0,0,0,0,36,0,4.72
"caovl","2014","(351,534]",0,0,0,0,36,0,1.27
"caovl","2015","(351,534]",0,0,0,0,36,0,0.79
"caovl","2016","(351,534]",0,0,0,0,36,0,1
"caovl","2017","(351,534]",0,0,0,0,36,0,1.04
"caovl","2018","(351,534]",0,0,0,0,36,0,0.92
"caovl","2019","(351,534]",5.18,0,8.94,11.85,36,2,1.07
"caovl","2020","(351,534]",2.81,0,0,8.75,35,1,1.02
"caovl","2021","(351,534]",6.08,0,10.34,14.18,35,2,0.94
"caovl","2022","(351,534]",2.78,0,10.29,9.75,34,1,1.06
"caovl","2013","(534,811]",0,0,0,0,6,0,4.65
"caovl","2014","(534,811]",0,0,0,0,6,0,1.25
"caovl","2015","(534,811]",0,0,0,0,6,0,0.78
"caovl","2016","(534,811]",0,0,0,0,6,0,1.01
"caovl","2017","(534,811]",0,0,0,0,6,0,1.02
"caovl","2018","(534,811]",0,0,0,0,6,0,0.92
"caovl","2019","(534,811]",0,0,0,0,8,0,1.06
"caovl","2020","(534,811]",0,0,0,0,8,0,1.03
"caovl","2021","(534,811]",0,0,0,0,8,0,0.93
"caovl","2022","(534,811]",11.83,0,0,40.3,8,1,1.06
"cato","2013","[100,152]",0,0,0,0,231,0,4.73
"cato","2014","[100,152]",0,0,0,0,231,0,1.27
"cato","2015","[100,152]",0,0,2.62,0,230,0,0.78
"cato","2016","[100,152]",0.87,0,2.22,2.08,228,2,1
"cato","2017","[100,152]",0.86,0,2.05,2.05,226,2,1.03
"cato","2018","[100,152]",0,0,0,0,224,0,0.94
"cato","2019","[100,152]",1.35,0,0,3.04,207,3,1.07
"cato","2020","[100,152]",1.29,0,2.21,2.88,228,3,1.02
"cato","2021","[100,152]",3.4,1.32,1.56,6.1,226,7,0.91
"cato","2022","[100,152]",1.67,0.36,1.38,3.46,223,4,1.08
"cato","2013","(152,231]",0,0,0,0,197,0,4.73
"cato","2014","(152,231]",0,0,3.25,0,200,0,1.27
"cato","2015","(152,231]",0,0,2.04,0,196,0,0.78
"cato","2016","(152,231]",1.02,0,4.22,2.71,195,2,1
"cato","2017","(152,231]",1.01,0,5.28,2.65,191,2,1.03
"cato","2018","(152,231]",0,0,1.9,0,186,0,0.94
"cato","2019","(152,231]",2.44,0.45,0,5,192,5,1.07
"cato","2020","(152,231]",2.05,0.47,2.64,4.19,192,4,1.02
"cato","2021","(152,231]",4.04,1.39,0,6.9,190,7,0.91
"cato","2022","(152,231]",3.99,1.68,2.43,6.64,187,8,1.08
"cato","2013","(231,351]",0,0,0,0,139,0,4.71
"cato","2014","(231,351]",0,0,1.75,0,139,0,1.28
"cato","2015","(231,351]",0,0,3.29,0,138,0,0.78
"cato","2016","(231,351]",0.73,0,3.56,2.52,137,1,1
"cato","2017","(231,351]",0.71,0,7.78,2.4,135,1,1.04
"cato","2018","(231,351]",0,0,2.79,0,130,0,0.93
"cato","2019","(231,351]",2.75,0.66,2.34,5.53,136,4,1.07
"cato","2020","(231,351]",0.73,0,3.96,2.32,135,1,1.02
"cato","2021","(231,351]",4.09,0.85,0,7.67,133,5,0.92
"cato","2022","(231,351]",4.9,1.42,3.58,8.73,132,7,1.08
"cato","2013","(351,534]",0,0,0,0,52,0,4.72
"cato","2014","(351,534]",0,0,7.81,0,52,0,1.27
"cato","2015","(351,534]",0,0,0,0,50,0,0.79
"cato","2016","(351,534]",0,0,6.95,0,50,0,1
"cato","2017","(351,534]",0,0,0,0,49,0,1.03
"cato","2018","(351,534]",0,0,11.22,0,49,0,0.95
"cato","2019","(351,534]",0,0,0,0,51,0,1.05
"cato","2020","(351,534]",15.55,5.9,5.68,25.7,51,8,1.01
"cato","2021","(351,534]",10.82,1.93,0,20.93,50,5,0.92
"cato","2022","(351,534]",3.72,0,6.19,8.54,50,2,1.08
"cato","2013","(534,811]",0,0,0,0,6,0,4.71
"cato","2014","(534,811]",0,0,0,0,6,0,1.31
"cato","2015","(534,811]",0,0,0,0,6,0,0.79
"cato","2016","(534,811]",0,0,0,0,6,0,1
"cato","2017","(534,811]",0,0,0,0,6,0,1.03
"cato","2018","(534,811]",0,0,0,0,6,0,0.9
"cato","2019","(534,811]",15.79,0,0,54.97,6,1,1.06
"cato","2020","(534,811]",0,0,0,0,6,0,1.04
"cato","2021","(534,811]",18,0,0,57.37,6,1,0.92
"cato","2022","(534,811]",14.92,0,0,54.22,6,1,1.13
"ceca","2013","[100,152]",0,0,1.43,0,105,0,4.73
"ceca","2014","[100,152]",0,0,11.07,0,108,0,1.17
"ceca","2015","[100,152]",0,0,10.42,0,100,0,0.8
"ceca","2016","[100,152]",9.5,3.42,12.39,17.81,96,9,0.99
"ceca","2017","[100,152]",19.67,10.94,15.25,29.26,90,18,1.02
"ceca","2018","[100,152]",5.03,1.16,8.29,10.49,83,4,0.96
"ceca","2019","[100,152]",1.52,0,8.16,5.4,64,1,1.03
"ceca","2020","[100,152]",13.44,5.89,18.65,23.79,86,12,1.04
"ceca","2021","[100,152]",28.97,13.75,19.5,43.01,75,20,0.91
"ceca","2022","[100,152]",19.45,10.87,24.05,27.55,69,14,1.05
"ceca","2013","(152,231]",0,0,0,0,16,0,4.64
"ceca","2014","(152,231]",0,0,0,0,16,0,1.26
"ceca","2015","(152,231]",0,0,0,0,16,0,0.81
"ceca","2016","(152,231]",12.6,0,0,33.51,16,2,0.99
"ceca","2017","(152,231]",18.52,0,0,42.61,16,3,1.01
"ceca","2018","(152,231]",6.54,0,23.42,23.7,16,1,0.95
"ceca","2019","(152,231]",0,0,0,0,27,0,1.03
"ceca","2020","(152,231]",25.32,12.09,21.25,40.79,27,7,1.03
"ceca","2021","(152,231]",13.32,0,26.5,28.14,24,3,0.93
"ceca","2022","(152,231]",27.09,9.48,17.54,51.63,21,6,1.07
"ceca","2019","(231,351]",0,0,0,0,1,0,0.97
"ceca","2020","(231,351]",0,0,0,0,1,0,1.02
"ceca","2021","(231,351]",0,0,0,0,1,0,0.92
"ceca","2022","(231,351]",0,0,0,0,1,0,1.18
"ceoc","2013","[100,152]",0,0,0,0,26,0,4.64
"ceoc","2014","[100,152]",0,0,27.11,0,26,0,1.26
"ceoc","2015","[100,152]",0,0,26.96,0,22,0,0.8
"ceoc","2016","[100,152]",0,0,0,0,20,0,1
"ceoc","2017","[100,152]",24.54,5.15,0,47.09,20,5,1.02
"ceoc","2018","[100,152]",26.51,7.04,0,45.31,20,5,0.93
"ceoc","2019","[100,152]",10.2,0,0,27.54,19,2,1.03
"ceoc","2020","[100,152]",3.67,0,13.13,12.49,26,1,1.05
"ceoc","2021","[100,152]",8.76,0,24.56,23.44,25,2,0.91
"ceoc","2022","[100,152]",16.75,3.94,15.07,33.48,22,4,1.09
"ceoc","2013","(152,231]",0,0,0,0,8,0,4.67
"ceoc","2014","(152,231]",0,0,0,0,8,0,1.19
"ceoc","2015","(152,231]",0,0,39.64,0,8,0,0.81
"ceoc","2016","(152,231]",0,0,0,0,7,0,0.99
"ceoc","2017","(152,231]",0,0,0,0,7,0,1.02
"ceoc","2018","(152,231]",15.35,0,0,52.54,7,1,0.93
"ceoc","2019","(152,231]",16.52,0,0,52.09,6,1,1.01
"ceoc","2020","(152,231]",15.88,0,49.69,49.41,6,1,1.05
"ceoc","2021","(152,231]",0,0,0,0,5,0,0.95
"ceoc","2022","(152,231]",24.34,0,0,88.01,4,1,1.03
"ceoc","2013","(231,351]",0,0,0,0,5,0,4.52
"ceoc","2014","(231,351]",0,0,0,0,5,0,1.4
"ceoc","2015","(231,351]",0,0,0,0,5,0,0.81
"ceoc","2016","(231,351]",0,0,0,0,5,0,1
"ceoc","2017","(231,351]",0,0,0,0,5,0,1.02
"ceoc","2018","(231,351]",0,0,0,0,5,0,0.97
"ceoc","2019","(231,351]",0,0,0,0,7,0,1
"ceoc","2020","(231,351]",0,0,0,0,7,0,1.04
"ceoc","2021","(231,351]",0,0,0,0,7,0,0.89
"ceoc","2022","(231,351]",26.7,0,0,45.67,7,2,1.08
"ceoc","2013","(351,534]",0,0,0,0,1,0,4.41
"ceoc","2014","(351,534]",0,0,0,0,1,0,1.42
"ceoc","2015","(351,534]",0,0,0,0,1,0,0.88
"ceoc","2016","(351,534]",0,0,0,0,1,0,1.02
"ceoc","2017","(351,534]",0,0,0,0,1,0,1.01
"ceoc","2018","(351,534]",0,0,0,0,1,0,0.96
"ceoc","2019","(351,534]",0,0,0,0,1,0,0.97
"ceoc","2020","(351,534]",0,0,0,0,1,0,1.02
"ceoc","2021","(351,534]",0,0,0,0,1,0,0.92
"ceoc","2022","(351,534]",0,0,0,0,1,0,0.99
"coal","2013","[100,152]",0,0,0,0,1,0,4.72
"coal","2014","[100,152]",0,0,0,0,1,0,1.16
"coal","2015","[100,152]",0,0,0,0,1,0,0.8
"coal","2016","[100,152]",0,0,0,0,1,0,0.99
"coal","2017","[100,152]",100,100,0,100,1,1,1
"coal","2018","[100,152]",0,0,0,0,1,0,0.96
"coal","2019","[100,152]",0,0,0,0,1,0,1.07
"coal","2020","[100,152]",100,100,0,100,1,1,0.99
"coal","2021","[100,152]",0,0,100,0,1,0,0.92
"cofl","2013","[100,152]",0,0,0,0,16,0,4.63
"cofl","2014","[100,152]",0,0,0,0,17,0,1.27
"cofl","2015","[100,152]",0,0,37.34,0,17,0,0.8
"cofl","2016","[100,152]",0,0,0,0,14,0,0.98
"cofl","2017","[100,152]",0,0,20.02,0,15,0,0.99
"cofl","2018","[100,152]",0,0,0,0,14,0,0.96
"cofl","2019","[100,152]",0,0,0,0,14,0,1.01
"cofl","2020","[100,152]",11.93,0,0,28.56,16,2,1.05
"cofl","2021","[100,152]",13.13,0,36.02,31.99,16,2,0.95
"cofl","2022","[100,152]",28.53,0,0,55.58,13,4,1.09
"cofl","2013","(152,231]",0,0,0,0,1,0,4.59
"cofl","2014","(152,231]",0,0,0,0,1,0,1.29
"cofl","2015","(152,231]",0,0,0,0,1,0,0.75
"cofl","2016","(152,231]",0,0,0,0,1,0,1.02
"cofl","2017","(152,231]",100,100,0,100,1,1,1
"cofl","2018","(152,231]",0,0,0,0,1,0,1.03
"cofl","2019","(152,231]",0,0,0,0,1,0,0.98
"cofl","2020","(152,231]",0,0,0,0,1,0,1.12
"cofl","2021","(152,231]",0,0,100,0,1,0,0.86
"divi","2013","(231,351]",0,0,0,0,1,0,4.62
"divi","2014","(231,351]",0,0,0,0,1,0,1.29
"divi","2015","(231,351]",0,0,0,0,1,0,0.79
"divi","2016","(231,351]",0,0,0,0,1,0,0.99
"divi","2017","(231,351]",0,0,0,0,1,0,1
"divi","2018","(231,351]",0,0,0,0,1,0,0.97
"divi","2019","(231,351]",0,0,0,0,1,0,0.98
"divi","2020","(231,351]",0,0,0,0,1,0,1.02
"divi","2021","(231,351]",0,0,0,0,1,0,0.96
"divi","2022","(231,351]",0,0,0,0,1,0,1.2
"fagr","2013","[100,152]",0,0,0,0,142,0,4.63
"fagr","2014","[100,152]",0,0,0,0,142,0,1.31
"fagr","2015","[100,152]",0,0,0,0,142,0,0.79
"fagr","2016","[100,152]",1.41,0,0,3.82,142,2,1
"fagr","2017","[100,152]",0,0,0,0,142,0,1.02
"fagr","2018","[100,152]",0,0,0,0,142,0,0.96
"fagr","2019","[100,152]",0,0,0,0,96,0,1.03
"fagr","2020","[100,152]",2.92,0.69,0,5.97,135,4,1.01
"fagr","2021","[100,152]",6.26,2.57,2.97,10.22,135,8,0.95
"fagr","2022","[100,152]",14.41,6.32,0,22.44,134,21,1.1
"fagr","2013","(152,231]",0,0,0,0,123,0,4.64
"fagr","2014","(152,231]",0,0,0,0,123,0,1.28
"fagr","2015","(152,231]",0,0,0,0,123,0,0.79
"fagr","2016","(152,231]",1.63,0,0,4.16,123,2,1
"fagr","2017","(152,231]",0,0,0,0,123,0,1.03
"fagr","2018","(152,231]",0,0,0,0,123,0,0.95
"fagr","2019","(152,231]",0,0,0,0,145,0,1.02
"fagr","2020","(152,231]",5.37,1.59,2.38,10.3,146,8,1.02
"fagr","2021","(152,231]",2.17,0,0,5.86,145,3,0.95
"fagr","2022","(152,231]",8.37,3.17,2.14,13.75,144,13,1.08
"fagr","2013","(231,351]",0,0,0,0,28,0,4.63
"fagr","2014","(231,351]",0,0,0,0,28,0,1.3
"fagr","2015","(231,351]",0,0,0,0,28,0,0.78
"fagr","2016","(231,351]",0,0,0,0,28,0,1
"fagr","2017","(231,351]",0,0,0,0,28,0,1.03
"fagr","2018","(231,351]",0,0,0,0,28,0,0.96
"fagr","2019","(231,351]",1.94,0,0,6.85,50,1,1.03
"fagr","2020","(231,351]",6.03,0,0,14.77,50,3,1
"fagr","2021","(231,351]",0,0,0,0,50,0,0.95
"fagr","2022","(231,351]",1.82,0,0,6.26,50,1,1.1
"fagr","2013","(351,534]",0,0,0,0,9,0,4.64
"fagr","2014","(351,534]",0,0,0,0,9,0,1.34
"fagr","2015","(351,534]",0,0,0,0,9,0,0.76
"fagr","2016","(351,534]",0,0,0,0,9,0,1.01
"fagr","2017","(351,534]",0,0,0,0,9,0,1.04
"fagr","2018","(351,534]",0,0,53.82,0,9,0,0.94
"fagr","2019","(351,534]",0,0,0,0,9,0,1.04
"fagr","2020","(351,534]",0,0,0,0,9,0,1
"fagr","2021","(351,534]",23.53,0,0,44,9,2,0.94
"fagr","2022","(351,534]",10.07,0,0,30.22,9,1,1.11
"fagr","2013","(534,811]",0,0,0,0,5,0,4.5
"fagr","2014","(534,811]",0,0,0,0,5,0,1.42
"fagr","2015","(534,811]",0,0,59.64,0,5,0,0.78
"fagr","2016","(534,811]",0,0,0,0,4,0,1
"fagr","2017","(534,811]",0,0,0,0,4,0,1.03
"fagr","2018","(534,811]",0,0,0,0,4,0,0.96
"fagr","2019","(534,811]",0,0,0,0,4,0,1.02
"fagr","2020","(534,811]",0,0,0,0,4,0,1.03
"fagr","2021","(534,811]",0,0,0,0,4,0,0.87
"fagr","2022","(534,811]",45.08,0,0,100,4,2,1.16
"fagr","2013","(811,1.23e+03]",0,0,0,0,1,0,4.5
"fagr","2014","(811,1.23e+03]",0,0,0,0,1,0,1.43
"fagr","2015","(811,1.23e+03]",0,0,0,0,1,0,0.77
"fagr","2016","(811,1.23e+03]",0,0,0,0,1,0,0.99
"fagr","2017","(811,1.23e+03]",0,0,0,0,1,0,1.05
"fagr","2018","(811,1.23e+03]",0,0,0,0,1,0,0.96
"fagr","2019","(811,1.23e+03]",0,0,0,0,1,0,0.96
"fagr","2020","(811,1.23e+03]",0,0,0,0,1,0,0.96
"fagr","2021","(811,1.23e+03]",0,0,0,0,1,0,0.99
"fagr","2022","(811,1.23e+03]",0,0,0,0,1,0,1.13
"fram","2013","[100,152]",0,0,0,0,123,0,4.68
"fram","2014","[100,152]",0,0,7.4,0,123,0,1.23
"fram","2015","[100,152]",0,0,3.57,0,117,0,0.8
"fram","2016","[100,152]",5.23,1.17,2.69,9,116,6,0.99
"fram","2017","[100,152]",15.35,8.55,10.85,23.24,117,18,1
"fram","2018","[100,152]",9.7,5,16.59,15.29,109,10,0.94
"fram","2019","[100,152]",8.42,3.44,6.7,13.63,92,8,1.03
"fram","2020","[100,152]",14.63,7.15,15.62,21.99,85,13,1.05
"fram","2021","[100,152]",66.88,54.65,48.26,80.44,77,50,0.95
"fram","2022","[100,152]",1.88,0,46.17,6.5,51,1,1.04
"fram","2013","(152,231]",0,0,0,0,82,0,4.67
"fram","2014","(152,231]",0,0,4.87,0,82,0,1.24
"fram","2015","(152,231]",0,0,12.16,0,80,0,0.8
"fram","2016","(152,231]",6.65,1.94,6.93,12.65,76,5,0.99
"fram","2017","(152,231]",11.07,4.6,12.38,18.77,72,8,1
"fram","2018","(152,231]",9.29,3.02,11.28,15.82,67,6,0.96
"fram","2019","(152,231]",12.98,4.7,0,23.23,68,9,1.02
"fram","2020","(152,231]",10,3.29,26.38,17.32,67,7,1.05
"fram","2021","(152,231]",54.98,43.71,47.64,66.44,54,29,0.96
"fram","2022","(152,231]",0,0,36.16,0,34,0,1.06
"fram","2013","(231,351]",0,0,0,0,73,0,4.67
"fram","2014","(231,351]",0,0,7.59,0,74,0,1.24
"fram","2015","(231,351]",0,0,5.51,0,71,0,0.8
"fram","2016","(231,351]",15.8,5.95,4.37,25.22,70,11,0.99
"fram","2017","(231,351]",14.31,5.44,19.92,24.66,69,10,1.01
"fram","2018","(231,351]",14.08,4.95,25.52,23.31,60,8,0.94
"fram","2019","(231,351]",5.12,0,8.19,12.66,57,3,1.03
"fram","2020","(231,351]",12.26,4.83,36.23,21.83,54,7,1.06
"fram","2021","(231,351]",50.77,32.38,65.98,66.87,38,18,0.91
"fram","2022","(231,351]",0,0,54.06,0,22,0,1.08
"fram","2013","(351,534]",0,0,0,0,78,0,4.68
"fram","2014","(351,534]",0,0,3.54,0,80,0,1.22
"fram","2015","(351,534]",0,0,0,0,79,0,0.8
"fram","2016","(351,534]",10.19,4.2,4.77,17.95,79,8,0.99
"fram","2017","(351,534]",16.45,7.45,12.85,25.69,77,13,1.03
"fram","2018","(351,534]",18.87,11.41,28.39,27.8,72,13,0.95
"fram","2019","(351,534]",5.35,0,11.69,9.21,55,3,1.02
"fram","2020","(351,534]",9.35,1.92,53.95,21.34,51,5,1.05
"fram","2021","(351,534]",40.28,23.17,74.59,58.3,29,11,0.93
"fram","2022","(351,534]",0,0,100,0,14,0,1.03
"fram","2013","(534,811]",0,0,0,0,46,0,4.66
"fram","2014","(534,811]",0,0,4.85,0,47,0,1.25
"fram","2015","(534,811]",0,0,0,0,46,0,0.8
"fram","2016","(534,811]",21.87,11.93,7.55,32.13,46,10,0.99
"fram","2017","(534,811]",17.1,4.78,28.29,29.36,46,8,1.02
"fram","2018","(534,811]",22.3,9.66,22.62,38.08,37,8,0.97
"fram","2019","(534,811]",0,0,9.16,0,35,0,1.01
"fram","2020","(534,811]",15.66,3.6,61.87,30.8,31,5,1.03
"fram","2021","(534,811]",37.41,15.44,88.04,59.5,17,6,0.93
"fram","2022","(534,811]",0,0,38.03,0,6,0,1.03
"fram","2013","(811,1.23e+03]",0,0,0,0,15,0,4.66
"fram","2014","(811,1.23e+03]",0,0,19.39,0,15,0,1.24
"fram","2015","(811,1.23e+03]",0,0,0,0,14,0,0.79
"fram","2016","(811,1.23e+03]",14.44,0,0,38.99,14,2,0.99
"fram","2017","(811,1.23e+03]",32.64,9.22,35.69,61.82,15,5,1.03
"fram","2018","(811,1.23e+03]",15.76,0,42.4,34.89,13,2,0.97
"fram","2019","(811,1.23e+03]",0,0,32.93,0,11,0,1
"fram","2020","(811,1.23e+03]",19.78,0,100,42.19,10,2,1.01
"fram","2021","(811,1.23e+03]",0,0,100,0,3,0,0.91
"fram","2022","(811,1.23e+03]",0,0,100,0,1,0,1.12
"frni","2013","[100,152]",0,0,0,0,16,0,4.55
"frni","2014","[100,152]",0,0,0,0,17,0,1.36
"frni","2015","[100,152]",0,0,24.14,0,17,0,0.8
"frni","2016","[100,152]",12.52,0,22.54,31.6,16,2,1
"frni","2017","[100,152]",45.71,21.88,44.72,73.26,15,7,1.03
"frni","2018","[100,152]",9.74,0,92.75,26.21,11,1,0.93
"frni","2019","[100,152]",0,0,0,0,1,0,1.01
"frni","2020","[100,152]",0,0,0,0,1,0,1.01
"frni","2021","[100,152]",0,0,100,0,1,0,0.9
"frni","2013","(152,231]",0,0,0,0,14,0,4.58
"frni","2014","(152,231]",0,0,19.08,0,14,0,1.34
"frni","2015","(152,231]",0,0,34.42,0,13,0,0.78
"frni","2016","(152,231]",8.32,0,20.04,33,12,1,1
"frni","2017","(152,231]",44.29,8.04,71.49,78.77,11,5,1.04
"frni","2018","(152,231]",14.73,0,100,53.46,7,1,0.97
"frni","2019","(152,231]",0,0,0,0,5,0,1.04
"frni","2020","(152,231]",19.39,0,65.34,64.42,5,1,1.04
"frni","2021","(152,231]",0,0,100,0,4,0,0.93
"frni","2013","(231,351]",0,0,0,0,6,0,4.66
"frni","2014","(231,351]",0,0,0,0,6,0,1.35
"frni","2015","(231,351]",0,0,0,0,6,0,0.78
"frni","2016","(231,351]",66.62,24.45,0,100,6,4,1
"frni","2017","(231,351]",23.99,0,100,100,4,1,1.05
"frni","2018","(231,351]",0,0,0,0,1,0,0.87
"frni","2019","(231,351]",0,0,0,0,1,0,1.1
"frni","2020","(231,351]",0,0,100,0,1,0,1.06
"frni","2013","(351,534]",0,0,0,0,4,0,4.64
"frni","2014","(351,534]",0,0,0,0,4,0,1.24
"frni","2015","(351,534]",0,0,0,0,4,0,0.79
"frni","2016","(351,534]",25.45,0,76.83,100,4,1,0.98
"frni","2017","(351,534]",0,0,0,0,2,0,1.05
"frni","2018","(351,534]",0,0,0,0,2,0,0.96
"frni","2019","(351,534]",0,0,0,0,2,0,0.96
"frni","2020","(351,534]",0,0,0,0,2,0,1.03
"frni","2021","(351,534]",100,100,0,100,2,2,0.97
"frni","2022","(351,534]",0,0,0,0,2,0,1.01
"frpe","2013","[100,152]",0,0,0,0,8,0,4.68
"frpe","2014","[100,152]",0,0,0,0,8,0,1.23
"frpe","2015","[100,152]",0,0,0,0,8,0,0.8
"frpe","2016","[100,152]",0,0,42.47,0,8,0,0.99
"frpe","2017","[100,152]",13.87,0,0,48.57,7,1,1.03
"frpe","2018","[100,152]",0,0,51.44,0,7,0,0.96
"frpe","2019","[100,152]",0,0,0,0,7,0,1.05
"frpe","2020","[100,152]",0,0,0,0,7,0,1.03
"frpe","2021","[100,152]",76.1,27.84,79.18,100,7,5,0.88
"frpe","2022","[100,152]",0,0,100,0,5,0,1.03
"frpe","2013","(152,231]",0,0,0,0,4,0,4.73
"frpe","2014","(152,231]",0,0,0,0,4,0,1.25
"frpe","2015","(152,231]",0,0,0,0,4,0,0.79
"frpe","2016","(152,231]",0,0,0,0,4,0,0.99
"frpe","2017","(152,231]",0,0,0,0,4,0,1.04
"frpe","2018","(152,231]",0,0,0,0,4,0,0.98
"frpe","2019","(152,231]",0,0,0,0,4,0,1.05
"frpe","2020","(152,231]",0,0,0,0,4,0,1.02
"frpe","2021","(152,231]",55.9,0,0,100,4,2,0.85
"frpe","2022","(152,231]",24.34,0,0,90.4,4,1,1.03
"frpe","2013","(351,534]",0,0,0,0,1,0,4.83
"frpe","2014","(351,534]",0,0,0,0,1,0,1.15
"frpe","2015","(351,534]",0,0,0,0,1,0,0.82
"frpe","2016","(351,534]",0,0,0,0,1,0,0.99
"frpe","2017","(351,534]",0,0,0,0,1,0,1.01
"frpe","2018","(351,534]",0,0,0,0,1,0,1.03
"frpe","2019","(351,534]",0,0,0,0,1,0,1
"frpe","2020","(351,534]",0,0,0,0,1,0,1.03
"frpe","2021","(351,534]",100,100,0,100,1,1,0.85
"frpe","2022","(351,534]",0,0,0,0,1,0,1.07
"havi","2013","[100,152]",0,0,0,0,6,0,4.53
"havi","2014","[100,152]",0,0,0,0,6,0,1.4
"havi","2015","[100,152]",0,0,0,0,6,0,0.8
"havi","2016","[100,152]",16.67,0,0,40.7,6,1,1
"havi","2017","[100,152]",16.44,0,0,40.37,6,1,1.02
"havi","2018","[100,152]",0,0,42.1,0,6,0,0.96
"havi","2019","[100,152]",0,0,40.6,0,6,0,1.01
"havi","2020","[100,152]",16.33,0,0,50.33,12,2,1.02
"havi","2021","[100,152]",16.92,0,43.02,52.88,13,2,0.9
"havi","2022","[100,152]",27.36,0,0,64.27,10,3,1.12
"juci","2013","(231,351]",0,0,0,0,2,0,4.67
"juci","2014","(231,351]",0,0,0,0,2,0,1.28
"juci","2015","(231,351]",0,0,0,0,2,0,0.81
"juci","2016","(231,351]",0,0,0,0,2,0,0.98
"juci","2017","(231,351]",51.29,0,0,100,2,1,0.96
"juci","2018","(231,351]",0,0,0,0,2,0,0.94
"juci","2019","(231,351]",0,0,0,0,2,0,1.05
"juci","2020","(231,351]",100,100,0,100,2,2,1.03
"juci","2021","(231,351]",0,0,100,0,2,0,0.97
"juci","2022","(231,351]",0,0,0,0,1,0,1.18
"juni","2013","[100,152]",0,0,0,0,4,0,4.59
"juni","2014","[100,152]",0,0,0,0,4,0,1.34
"juni","2015","[100,152]",0,0,0,0,4,0,0.8
"juni","2016","[100,152]",0,0,0,0,4,0,0.98
"juni","2017","[100,152]",51.59,0,0,100,4,2,0.96
"juni","2018","[100,152]",0,0,0,0,4,0,0.95
"juni","2019","[100,152]",0,0,0,0,4,0,1.03
"juni","2020","[100,152]",0,0,64.99,0,5,0,1.05
"juni","2021","[100,152]",25.68,0,0,100,4,1,0.97
"juni","2022","[100,152]",23.36,0,0,100,4,1,1.08
"juni","2013","(152,231]",0,0,0,0,8,0,4.54
"juni","2014","(152,231]",0,0,0,0,8,0,1.42
"juni","2015","(152,231]",0,0,0,0,8,0,0.79
"juni","2016","(152,231]",12.64,0,0,40.24,8,1,0.99
"juni","2017","(152,231]",12.9,0,40.98,49.28,8,1,0.97
"juni","2018","(152,231]",0,0,54,0,7,0,0.94
"juni","2019","(152,231]",0,0,0,0,4,0,0.99
"juni","2020","(152,231]",24.01,0,0,48.46,4,1,1.05
"juni","2021","(152,231]",0,0,0,0,4,0,1.04
"juni","2022","(152,231]",23.04,0,0,100,4,1,1.1
"juni","2013","(231,351]",0,0,0,0,27,0,4.61
"juni","2014","(231,351]",0,0,10.27,0,27,0,1.27
"juni","2015","(231,351]",0,0,0,0,26,0,0.8
"juni","2016","(231,351]",3.92,0,0,13.3,26,1,0.98
"juni","2017","(231,351]",3.89,0,0,12.32,26,1,0.99
"juni","2018","(231,351]",0,0,12.37,0,26,0,0.97
"juni","2019","(231,351]",0,0,0,0,21,0,1.02
"juni","2020","(231,351]",13.76,0,0,30.6,21,3,1.04
"juni","2021","(231,351]",4.99,0,17.89,18.07,21,1,0.95
"juni","2022","(231,351]",0,0,15.51,0,20,0,1.08
"juni","2013","(351,534]",0,0,0,0,54,0,4.67
"juni","2014","(351,534]",0,0,0,0,55,0,1.25
"juni","2015","(351,534]",0,0,7.5,0,55,0,0.8
"juni","2016","(351,534]",3.76,0,0,9.29,54,2,0.99
"juni","2017","(351,534]",1.85,0,0,6.26,54,1,1
"juni","2018","(351,534]",1.93,0,0,6.81,54,1,0.96
"juni","2019","(351,534]",0,0,0,0,52,0,1.01
"juni","2020","(351,534]",9.13,2.09,0,18.27,52,5,1.06
"juni","2021","(351,534]",12.39,2.67,6.91,23.22,52,6,0.93
"juni","2022","(351,534]",7.3,1.53,9.86,15.91,51,4,1.08
"juni","2013","(534,811]",0,0,0,0,24,0,4.66
"juni","2014","(534,811]",0,0,0,0,24,0,1.26
"juni","2015","(534,811]",0,0,0,0,24,0,0.81
"juni","2016","(534,811]",0,0,0,0,24,0,0.99
"juni","2017","(534,811]",0,0,0,0,24,0,0.99
"juni","2018","(534,811]",4.32,0,0,15.55,24,1,0.96
"juni","2019","(534,811]",3.79,0,0,14.26,26,1,1.02
"juni","2020","(534,811]",7.39,0,12.96,18.13,26,2,1.04
"juni","2021","(534,811]",12.66,0,0,23.04,25,3,0.94
"juni","2022","(534,811]",7.5,0,14.56,18.19,25,2,1.07
"juni","2013","(811,1.23e+03]",0,0,0,0,2,0,4.56
"juni","2014","(811,1.23e+03]",0,0,0,0,2,0,1.28
"juni","2015","(811,1.23e+03]",0,0,0,0,2,0,0.84
"juni","2016","(811,1.23e+03]",0,0,0,0,2,0,1
"juni","2017","(811,1.23e+03]",0,0,0,0,2,0,1.02
"juni","2018","(811,1.23e+03]",0,0,0,0,2,0,0.93
"juni","2019","(811,1.23e+03]",33.8,0,0,50.41,3,1,0.98
"juni","2020","(811,1.23e+03]",32.07,0,0,47.88,3,1,1.05
"juni","2021","(811,1.23e+03]",0,0,0,0,3,0,0.99
"juni","2022","(811,1.23e+03]",65.83,48.64,0,100,3,2,1.02
"libe","2013","[100,152]",0,0,0,0,1,0,4.7
"libe","2014","[100,152]",0,0,0,0,1,0,1.11
"libe","2015","[100,152]",0,0,0,0,1,0,0.8
"libe","2016","[100,152]",0,0,100,0,1,0,0.98
"litu","2013","[100,152]",0,0,0,0,224,0,4.73
"litu","2014","[100,152]",0,0,3.14,0,224,0,1.27
"litu","2015","[100,152]",0,0,6.79,0,219,0,0.78
"litu","2016","[100,152]",1.88,0.44,7.86,3.84,213,4,1
"litu","2017","[100,152]",1.45,0,6.99,3.24,202,3,1.03
"litu","2018","[100,152]",0.56,0,5.2,1.89,193,1,0.92
"litu","2019","[100,152]",0.6,0,2.17,2.19,152,1,1.09
"litu","2020","[100,152]",1.18,0,11.09,3.07,164,2,1.04
"litu","2021","[100,152]",5.05,1.57,5.58,8.79,153,7,0.9
"litu","2022","[100,152]",6.31,2.59,3.13,11,148,10,1.07
"litu","2013","(152,231]",0,0,0,0,381,0,4.73
"litu","2014","(152,231]",0,0,3.47,0,381,0,1.25
"litu","2015","(152,231]",0,0,3.52,0,372,0,0.79
"litu","2016","(152,231]",0.55,0,4.5,1.42,367,2,1
"litu","2017","(152,231]",0.83,0,3.84,1.79,357,3,1.01
"litu","2018","(152,231]",2.14,0.65,2.84,4.06,349,7,0.93
"litu","2019","(152,231]",0.55,0,1.84,1.41,341,2,1.07
"litu","2020","(152,231]",2.89,1.4,4.37,4.33,338,10,1.03
"litu","2021","(152,231]",5.2,3.02,1.05,7.5,329,16,0.93
"litu","2022","(152,231]",3.69,1.82,2.87,5.82,329,13,1.07
"litu","2013","(231,351]",0,0,0,0,378,0,4.72
"litu","2014","(231,351]",0,0,1.02,0,378,0,1.25
"litu","2015","(231,351]",0,0,1.66,0,376,0,0.79
"litu","2016","(231,351]",0.27,0,1.73,0.82,374,1,0.99
"litu","2017","(231,351]",0.53,0,0,1.39,371,2,1.02
"litu","2018","(231,351]",0,0,1.41,0,371,0,0.94
"litu","2019","(231,351]",1.81,0.5,0,3.49,365,7,1.06
"litu","2020","(231,351]",2.13,0.81,1.71,3.67,365,8,1.03
"litu","2021","(231,351]",1.77,0.35,1.94,3.38,361,6,0.94
"litu","2022","(231,351]",4.73,2.75,2.42,6.79,358,18,1.06
"litu","2013","(351,534]",0,0,0,0,537,0,4.72
"litu","2014","(351,534]",0,0,0,0,539,0,1.24
"litu","2015","(351,534]",0,0,0,0,539,0,0.79
"litu","2016","(351,534]",0.93,0.21,0,1.74,539,5,0.99
"litu","2017","(351,534]",0.55,0,0.88,1.26,539,3,1.02
"litu","2018","(351,534]",0,0,1.27,0,537,0,0.94
"litu","2019","(351,534]",1.14,0.33,0,2.26,499,6,1.06
"litu","2020","(351,534]",3.11,1.57,0,4.72,499,16,1.03
"litu","2021","(351,534]",2.57,1.34,1.05,4.22,499,12,0.94
"litu","2022","(351,534]",2.86,1.16,0.59,4.97,494,15,1.06
"litu","2013","(534,811]",0,0,0,0,645,0,4.72
"litu","2014","(534,811]",0,0,0.42,0,645,0,1.24
"litu","2015","(534,811]",0,0,0,0,644,0,0.8
"litu","2016","(534,811]",0,0,0,0,644,0,0.99
"litu","2017","(534,811]",1.24,0.31,0,2.53,644,8,1
"litu","2018","(534,811]",0.49,0,0,1.09,644,3,0.95
"litu","2019","(534,811]",1.78,0.78,0,2.99,701,13,1.04
"litu","2020","(534,811]",3.99,2.53,0.51,5.64,702,29,1.04
"litu","2021","(534,811]",1.36,0.58,0.52,2.33,701,9,0.94
"litu","2022","(534,811]",3.76,2.33,0,5.45,698,28,1.07
"litu","2013","(811,1.23e+03]",0,0,0,0,50,0,4.67
"litu","2014","(811,1.23e+03]",0,0,0,0,50,0,1.29
"litu","2015","(811,1.23e+03]",0,0,0,0,50,0,0.8
"litu","2016","(811,1.23e+03]",0,0,0,0,50,0,0.99
"litu","2017","(811,1.23e+03]",0,0,0,0,50,0,0.99
"litu","2018","(811,1.23e+03]",0,0,7.52,0,50,0,0.95
"litu","2019","(811,1.23e+03]",0,0,0,0,62,0,1.03
"litu","2020","(811,1.23e+03]",6.26,1.42,0,12.58,62,4,1.03
"litu","2021","(811,1.23e+03]",3.37,0,0,9.29,62,2,0.96
"litu","2022","(811,1.23e+03]",10.44,4.12,0,16.68,62,7,1.09
"litu","2013","(1.23e+03,1.87e+03]",0,0,0,0,2,0,4.82
"litu","2014","(1.23e+03,1.87e+03]",0,0,0,0,2,0,1.17
"litu","2015","(1.23e+03,1.87e+03]",0,0,0,0,2,0,0.78
"litu","2016","(1.23e+03,1.87e+03]",0,0,0,0,2,0,1
"litu","2017","(1.23e+03,1.87e+03]",0,0,0,0,2,0,1.01
"litu","2018","(1.23e+03,1.87e+03]",0,0,0,0,2,0,0.91
"litu","2019","(1.23e+03,1.87e+03]",0,0,0,0,3,0,1.08
"litu","2020","(1.23e+03,1.87e+03]",0,0,0,0,3,0,0.96
"litu","2021","(1.23e+03,1.87e+03]",0,0,0,0,3,0,0.97
"litu","2022","(1.23e+03,1.87e+03]",0,0,0,0,3,0,1.12
"nysy","2013","[100,152]",0,0,0,0,226,0,4.75
"nysy","2014","[100,152]",0,0,2.92,0,227,0,1.23
"nysy","2015","[100,152]",0,0,0,0,223,0,0.79
"nysy","2016","[100,152]",0.45,0,2.94,1.55,223,1,0.99
"nysy","2017","[100,152]",0.88,0,1.51,2.39,220,2,1.04
"nysy","2018","[100,152]",0.95,0,3.93,2.5,219,2,0.96
"nysy","2019","[100,152]",0.46,0,0,1.54,207,1,1.05
"nysy","2020","[100,152]",1.29,0,3.47,2.88,228,3,1.02
"nysy","2021","[100,152]",3.47,1.08,1.53,6.05,223,7,0.9
"nysy","2022","[100,152]",3.91,1.57,0,6.71,221,9,1.04
"nysy","2013","(152,231]",0,0,0,0,164,0,4.76
"nysy","2014","(152,231]",0,0,2.58,0,166,0,1.23
"nysy","2015","(152,231]",0,0,3.88,0,164,0,0.79
"nysy","2016","(152,231]",0,0,2.06,0,162,0,0.99
"nysy","2017","(152,231]",1.8,0,0,3.97,161,3,1.03
"nysy","2018","(152,231]",0,0,2.15,0,161,0,0.96
"nysy","2019","(152,231]",1.75,0,0,4.27,164,3,1.05
"nysy","2020","(152,231]",3.58,1.1,3.98,6.94,165,6,1.02
"nysy","2021","(152,231]",6.09,2.06,0,11.16,162,9,0.91
"nysy","2022","(152,231]",6.05,2.25,0,10.79,159,10,1.04
"nysy","2013","(231,351]",0,0,0,0,73,0,4.72
"nysy","2014","(231,351]",0,0,0,0,73,0,1.25
"nysy","2015","(231,351]",0,0,0,0,72,0,0.8
"nysy","2016","(231,351]",0,0,9.6,0,72,0,0.99
"nysy","2017","(231,351]",1.41,0,5.06,4.77,69,1,1.03
"nysy","2018","(231,351]",0,0,0,0,68,0,0.96
"nysy","2019","(231,351]",1.34,0,0,4.35,72,1,1.04
"nysy","2020","(231,351]",4.05,0,4.43,10.2,73,3,1.02
"nysy","2021","(231,351]",1.53,0,4.75,5.09,72,1,0.91
"nysy","2022","(231,351]",4.04,0,0,8.4,71,3,1.05
"nysy","2013","(351,534]",0,0,0,0,27,0,4.72
"nysy","2014","(351,534]",0,0,11.15,0,27,0,1.27
"nysy","2015","(351,534]",0,0,0,0,26,0,0.78
"nysy","2016","(351,534]",3.83,0,0,11.52,26,1,1.01
"nysy","2017","(351,534]",3.73,0,17.96,12.62,26,1,1.03
"nysy","2018","(351,534]",0,0,0,0,24,0,0.96
"nysy","2019","(351,534]",3.97,0,0,13.51,24,1,1.05
"nysy","2020","(351,534]",8.25,0,0,20.84,24,2,1.01
"nysy","2021","(351,534]",4.55,0,0,14.54,24,1,0.91
"nysy","2022","(351,534]",15.86,3.88,0,28.82,24,4,1.06
"nysy","2013","(534,811]",0,0,0,0,5,0,4.62
"nysy","2014","(534,811]",0,0,0,0,5,0,1.29
"nysy","2015","(534,811]",0,0,0,0,5,0,0.8
"nysy","2016","(534,811]",0,0,0,0,5,0,0.98
"nysy","2017","(534,811]",0,0,0,0,5,0,1.03
"nysy","2018","(534,811]",0,0,0,0,5,0,0.99
"nysy","2019","(534,811]",0,0,0,0,5,0,0.97
"nysy","2020","(534,811]",0,0,0,0,5,0,1.01
"nysy","2021","(534,811]",20.99,0,0,100,5,1,0.95
"nysy","2022","(534,811]",19.34,0,0,100,5,1,1.04
"pato","2020","[100,152]",0,0,0,0,1,0,1.02
"pato","2021","[100,152]",0,0,0,0,1,0,1.02
"pato","2022","[100,152]",0,0,0,0,1,0,0.96
"pato","2013","(351,534]",0,0,0,0,1,0,4.61
"pato","2014","(351,534]",0,0,0,0,1,0,1.19
"pato","2015","(351,534]",0,0,0,0,1,0,0.8
"pato","2016","(351,534]",100,100,0,100,1,1,1.03
"pato","2017","(351,534]",0,0,0,0,1,0,1
"pato","2018","(351,534]",0,0,0,0,1,0,1.02
"pato","2019","(351,534]",0,0,100,0,1,0,1.03
"pato","2013","(534,811]",0,0,0,0,1,0,4.62
"pato","2014","(534,811]",0,0,0,0,1,0,1.28
"pato","2015","(534,811]",0,0,0,0,1,0,0.79
"pato","2016","(534,811]",0,0,0,0,1,0,0.99
"pato","2017","(534,811]",0,0,0,0,1,0,1.05
"pato","2018","(534,811]",0,0,0,0,1,0,0.87
"pato","2019","(534,811]",0,0,0,0,1,0,1.08
"pato","2020","(534,811]",0,0,0,0,1,0,1.03
"pato","2021","(534,811]",0,0,0,0,1,0,0.91
"pato","2022","(534,811]",100,100,0,100,1,1,1.19
"pipu","2013","(351,534]",0,0,0,0,1,0,4.83
"pipu","2014","(351,534]",0,0,0,0,1,0,1.15
"pipu","2015","(351,534]",0,0,0,0,1,0,0.81
"pipu","2016","(351,534]",0,0,0,0,1,0,0.98
"pipu","2017","(351,534]",0,0,0,0,1,0,1.02
"pipu","2018","(351,534]",100,100,0,100,1,1,1.03
"pipu","2019","(351,534]",0,0,0,0,1,0,1
"pipu","2020","(351,534]",0,0,0,0,1,0,1.07
"pipu","2021","(351,534]",0,0,0,0,1,0,0.81
"pipu","2022","(351,534]",100,100,0,100,1,1,1.09
"pist","2013","[100,152]",0,0,0,0,14,0,4.77
"pist","2014","[100,152]",0,0,0,0,14,0,1.22
"pist","2015","[100,152]",0,0,74.54,0,14,0,0.79
"pist","2016","[100,152]",54.52,0,0,100,13,7,0.98
"pist","2017","[100,152]",22.16,0,9.57,100,13,3,1.05
"pist","2018","[100,152]",8.2,0,0,10.94,12,1,1.02
"pist","2019","[100,152]",0,0,24.43,0,10,0,1.02
"pist","2020","[100,152]",0,0,100,0,8,0,0.99
"pist","2021","[100,152]",0,0,100,0,8,0,0.87
"pist","2022","[100,152]",72.66,72.66,14.75,72.66,7,5,0.97
"pist","2013","(152,231]",0,0,0,0,24,0,4.75
"pist","2014","(152,231]",0,0,0,0,24,0,1.21
"pist","2015","(152,231]",0,0,0,0,24,0,0.79
"pist","2016","(152,231]",25.34,0,5.98,33.85,24,6,0.98
"pist","2017","(152,231]",21,0,0,49.37,23,5,1.04
"pist","2018","(152,231]",0,0,0,0,23,0,1.01
"pist","2019","(152,231]",0,0,0,0,22,0,1.03
"pist","2020","(152,231]",4.58,0,0,33.55,22,1,0.99
"pist","2021","(152,231]",5.44,0,37.48,8.17,21,1,0.87
"pist","2022","(152,231]",85.05,50.83,7.95,100,19,16,0.97
"pist","2013","(231,351]",0,0,0,0,30,0,4.79
"pist","2014","(231,351]",0,0,15.56,0,30,0,1.2
"pist","2015","(231,351]",0,0,0,0,29,0,0.8
"pist","2016","(231,351]",27.89,0,0,55.22,29,8,0.99
"pist","2017","(231,351]",12.92,3.11,0,39.3,30,4,1.03
"pist","2018","(231,351]",0,0,0,0,30,0,1.01
"pist","2019","(231,351]",6.95,0,0,34.54,28,2,1.03
"pist","2020","(231,351]",0,0,0,0,28,0,1
"pist","2021","(231,351]",12.14,0,24.3,35.74,28,3,0.88
"pist","2022","(231,351]",70.88,39.85,0,86.64,27,19,0.99
"pist","2013","(351,534]",0,0,0,0,15,0,4.8
"pist","2014","(351,534]",0,0,0,0,15,0,1.19
"pist","2015","(351,534]",0,0,0,0,15,0,0.8
"pist","2016","(351,534]",0,0,0,0,15,0,0.99
"pist","2017","(351,534]",6.52,0,0,13.26,15,1,1.02
"pist","2018","(351,534]",0,0,0,0,15,0,1.01
"pist","2019","(351,534]",0,0,0,0,18,0,1.02
"pist","2020","(351,534]",0,0,0,0,18,0,0.99
"pist","2021","(351,534]",12.14,0,0,38.47,18,2,0.91
"pist","2022","(351,534]",77.9,45.18,0,100,18,14,1
"pist","2013","(534,811]",0,0,0,0,3,0,4.81
"pist","2014","(534,811]",0,0,0,0,3,0,1.18
"pist","2015","(534,811]",0,0,0,0,3,0,0.8
"pist","2016","(534,811]",0,0,0,0,3,0,0.99
"pist","2017","(534,811]",32.67,0,0,100,3,1,1.02
"pist","2018","(534,811]",0,0,0,0,3,0,1.02
"pist","2019","(534,811]",0,0,0,0,4,0,1.02
"pist","2020","(534,811]",0,0,0,0,4,0,1.01
"pist","2021","(534,811]",26.82,0,0,84.37,4,1,0.92
"pist","2022","(534,811]",74.32,20.23,0,100,4,3,1.02
"pivi","2013","(231,351]",0,0,0,0,2,0,4.84
"pivi","2014","(231,351]",0,0,0,0,2,0,1.14
"pivi","2015","(231,351]",0,0,0,0,2,0,0.82
"pivi","2016","(231,351]",50.21,50.21,0,50.21,2,1,0.99
"pivi","2017","(231,351]",0,0,0,0,2,0,1
"pivi","2018","(231,351]",48.91,48.91,0,48.91,2,1,1.03
"pivi","2019","(231,351]",0,0,0,0,2,0,1
"pivi","2020","(231,351]",0,0,51.49,0,2,0,0.96
"pivi","2021","(231,351]",0,0,0,0,1,0,1.02
"pivi","2022","(231,351]",49.74,49.74,49.74,49.74,2,1,1.01
"pivi","2013","(351,534]",0,0,0,0,1,0,4.83
"pivi","2014","(351,534]",0,0,0,0,1,0,1.15
"pivi","2015","(351,534]",0,0,0,0,1,0,0.82
"pivi","2016","(351,534]",0,0,0,0,1,0,0.98
"pivi","2017","(351,534]",0,0,0,0,1,0,1.02
"pivi","2018","(351,534]",100,100,0,100,1,1,1.03
"pivi","2019","(351,534]",0,0,0,0,1,0,1
"pivi","2020","(351,534]",0,0,0,0,1,0,0.96
"pivi","2021","(351,534]",0,0,0,0,1,0,0.92
"pivi","2022","(351,534]",100,100,0,100,1,1,1.07
"ploc","2013","[100,152]",0,0,0,0,3,0,4.43
"ploc","2014","[100,152]",0,0,0,0,3,0,1.43
"ploc","2015","[100,152]",0,0,0,0,3,0,0.82
"ploc","2016","[100,152]",0,0,0,0,3,0,0.95
"ploc","2017","[100,152]",0,0,0,0,3,0,0.92
"ploc","2018","[100,152]",0,0,0,0,3,0,0.99
"ploc","2019","[100,152]",0,0,0,0,1,0,0.96
"ploc","2020","[100,152]",0,0,0,0,2,0,1.05
"ploc","2021","[100,152]",0,0,0,0,2,0,1
"ploc","2022","[100,152]",0,0,0,0,2,0,1.09
"ploc","2013","(152,231]",0,0,0,0,1,0,4.68
"ploc","2014","(152,231]",0,0,0,0,1,0,1.21
"ploc","2015","(152,231]",0,0,0,0,1,0,0.79
"ploc","2016","(152,231]",0,0,0,0,1,0,0.99
"ploc","2017","(152,231]",0,0,0,0,1,0,1.04
"ploc","2018","(152,231]",0,0,0,0,1,0,1.02
"ploc","2019","(152,231]",0,0,0,0,3,0,1
"ploc","2020","(152,231]",0,0,0,0,3,0,1
"ploc","2021","(152,231]",0,0,0,0,3,0,1.03
"ploc","2022","(152,231]",0,0,0,0,3,0,1
"ploc","2013","(231,351]",0,0,0,0,3,0,4.76
"ploc","2014","(231,351]",0,0,0,0,3,0,1.2
"ploc","2015","(231,351]",0,0,0,0,3,0,0.8
"ploc","2016","(231,351]",0,0,100,0,3,0,1
"ploc","2017","(231,351]",0,0,0,0,2,0,1.07
"ploc","2018","(231,351]",0,0,0,0,2,0,0.98
"ploc","2019","(231,351]",0,0,0,0,1,0,1.05
"ploc","2020","(231,351]",0,0,0,0,1,0,1.02
"ploc","2021","(231,351]",0,0,0,0,1,0,0.86
"ploc","2022","(231,351]",0,0,0,0,1,0,1.16
"ploc","2013","(351,534]",0,0,0,0,12,0,4.6
"ploc","2014","(351,534]",0,0,0,0,12,0,1.25
"ploc","2015","(351,534]",0,0,0,0,12,0,0.79
"ploc","2016","(351,534]",8.43,0,0,27.72,12,1,0.99
"ploc","2017","(351,534]",41.37,0,0,75.34,12,5,1.01
"ploc","2018","(351,534]",0,0,0,0,12,0,0.97
"ploc","2019","(351,534]",0,0,0,0,13,0,1.01
"ploc","2020","(351,534]",30.09,0,0,73.91,13,4,1.03
"ploc","2021","(351,534]",0,0,0,0,13,0,0.94
"ploc","2022","(351,534]",0,0,0,0,13,0,1.1
"ploc","2013","(534,811]",0,0,0,0,5,0,4.74
"ploc","2014","(534,811]",0,0,0,0,5,0,1.23
"ploc","2015","(534,811]",0,0,0,0,5,0,0.78
"ploc","2016","(534,811]",0,0,0,0,5,0,1
"ploc","2017","(534,811]",19.71,0,0,42.89,5,1,1.02
"ploc","2018","(534,811]",0,0,0,0,5,0,0.95
"ploc","2019","(534,811]",0,0,0,0,5,0,1.03
"ploc","2020","(534,811]",0,0,0,0,5,0,1.04
"ploc","2021","(534,811]",0,0,0,0,5,0,0.94
"ploc","2022","(534,811]",0,0,0,0,5,0,1.09
"ploc","2013","(811,1.23e+03]",0,0,0,0,3,0,4.76
"ploc","2014","(811,1.23e+03]",0,0,0,0,3,0,1.15
"ploc","2015","(811,1.23e+03]",0,0,0,0,3,0,0.81
"ploc","2016","(811,1.23e+03]",0,0,0,0,3,0,0.99
"ploc","2017","(811,1.23e+03]",0,0,0,0,3,0,1.01
"ploc","2018","(811,1.23e+03]",0,0,0,0,3,0,1
"ploc","2019","(811,1.23e+03]",0,0,0,0,3,0,0.97
"ploc","2020","(811,1.23e+03]",0,0,0,0,3,0,1.02
"ploc","2021","(811,1.23e+03]",0,0,0,0,3,0,0.97
"ploc","2022","(811,1.23e+03]",0,0,0,0,3,0,1.03
"prav","2013","[100,152]",0,0,0,0,18,0,4.73
"prav","2014","[100,152]",0,0,15.19,0,18,0,1.22
"prav","2015","[100,152]",0,0,33.03,0,17,0,0.8
"prav","2016","[100,152]",0,0,25.32,0,15,0,0.99
"prav","2017","[100,152]",14,0,24.8,30.17,14,2,1.02
"prav","2018","[100,152]",0,0,19.95,0,13,0,0.97
"prav","2019","[100,152]",17.97,0,0,47.96,11,2,1.01
"prav","2020","[100,152]",7.51,0,0,22.65,13,1,1.03
"prav","2021","[100,152]",0,0,0,0,13,0,0.95
"prav","2022","[100,152]",7.3,0,26.42,25.56,13,1,1.06
"prav","2013","(152,231]",0,0,0,0,15,0,4.71
"prav","2014","(152,231]",0,0,0,0,15,0,1.25
"prav","2015","(152,231]",0,0,0,0,15,0,0.79
"prav","2016","(152,231]",0,0,22.98,0,15,0,1
"prav","2017","(152,231]",0,0,0,0,14,0,1.03
"prav","2018","(152,231]",0,0,0,0,14,0,0.97
"prav","2019","(152,231]",0,0,0,0,11,0,1.02
"prav","2020","(152,231]",0,0,0,0,11,0,1.01
"prav","2021","(152,231]",19.57,0,28.41,47.35,11,2,0.92
"prav","2022","(152,231]",0,0,0,0,10,0,1.01
"prav","2013","(231,351]",0,0,0,0,13,0,4.66
"prav","2014","(231,351]",0,0,23.02,0,13,0,1.22
"prav","2015","(231,351]",0,0,0,0,12,0,0.79
"prav","2016","(231,351]",0,0,33.07,0,12,0,1
"prav","2017","(231,351]",17.91,0,0,49.31,11,2,1.02
"prav","2018","(231,351]",0,0,34.93,0,11,0,0.97
"prav","2019","(231,351]",0,0,0,0,13,0,1
"prav","2020","(231,351]",0,0,0,0,13,0,1.02
"prav","2021","(231,351]",8.08,0,0,31.7,13,1,0.95
"prav","2022","(231,351]",21.78,0,27.69,52.06,13,3,1.07
"prav","2013","(351,534]",0,0,0,0,2,0,4.69
"prav","2014","(351,534]",0,0,0,0,2,0,1.27
"prav","2015","(351,534]",0,0,0,0,2,0,0.8
"prav","2016","(351,534]",0,0,0,0,2,0,1
"prav","2017","(351,534]",0,0,0,0,2,0,1.02
"prav","2018","(351,534]",0,0,0,0,2,0,0.96
"prav","2019","(351,534]",0,0,0,0,3,0,0.99
"prav","2020","(351,534]",0,0,0,0,3,0,1.01
"prav","2021","(351,534]",0,0,0,0,3,0,0.92
"prav","2022","(351,534]",30.79,0,0,47.75,3,1,1.1
"prse","2013","[100,152]",0,0,0,0,2,0,4.79
"prse","2014","[100,152]",0,0,0,0,2,0,1.26
"prse","2015","[100,152]",0,0,0,0,2,0,0.77
"prse","2016","[100,152]",0,0,0,0,2,0,0.99
"prse","2017","[100,152]",0,0,0,0,2,0,1.04
"prse","2018","[100,152]",0,0,0,0,2,0,0.94
"prse","2019","[100,152]",0,0,0,0,2,0,1.11
"prse","2020","[100,152]",0,0,0,0,2,0,0.97
"prse","2021","[100,152]",0,0,0,0,2,0,0.96
"prse","2022","[100,152]",0,0,0,0,2,0,1.04
"prse","2013","(152,231]",0,0,0,0,2,0,4.53
"prse","2014","(152,231]",0,0,0,0,2,0,1.34
"prse","2015","(152,231]",0,0,0,0,2,0,0.84
"prse","2016","(152,231]",0,0,0,0,2,0,0.99
"prse","2017","(152,231]",0,0,0,0,2,0,1
"prse","2018","(152,231]",0,0,0,0,2,0,0.95
"prse","2019","(152,231]",0,0,0,0,2,0,1
"prse","2020","(152,231]",0,0,0,0,2,0,1.02
"prse","2021","(152,231]",0,0,0,0,2,0,0.98
"prse","2022","(152,231]",0,0,0,0,2,0,1.08
"prse","2013","(231,351]",0,0,0,0,2,0,4.45
"prse","2014","(231,351]",0,0,0,0,2,0,1.45
"prse","2015","(231,351]",0,0,0,0,2,0,0.81
"prse","2016","(231,351]",0,0,0,0,2,0,0.97
"prse","2017","(231,351]",0,0,0,0,2,0,0.96
"prse","2018","(231,351]",0,0,0,0,2,0,0.98
"prse","2019","(231,351]",0,0,0,0,1,0,0.98
"prse","2020","(231,351]",0,0,0,0,1,0,1.05
"prse","2021","(231,351]",0,0,0,0,1,0,1.08
"prse","2022","(231,351]",0,0,0,0,1,0,1.02
"prse","2013","(351,534]",0,0,0,0,2,0,4.69
"prse","2014","(351,534]",0,0,0,0,2,0,1.2
"prse","2015","(351,534]",0,0,0,0,2,0,0.81
"prse","2016","(351,534]",0,0,0,0,2,0,0.96
"prse","2017","(351,534]",0,0,0,0,2,0,0.93
"prse","2018","(351,534]",0,0,0,0,2,0,0.98
"prse","2019","(351,534]",0,0,0,0,3,0,1
"prse","2020","(351,534]",0,0,0,0,3,0,1.04
"prse","2021","(351,534]",0,0,0,0,3,0,0.99
"prse","2022","(351,534]",30.4,0,0,100,3,1,1.12
"prse","2013","(534,811]",0,0,0,0,2,0,4.65
"prse","2014","(534,811]",0,0,0,0,2,0,1.26
"prse","2015","(534,811]",0,0,0,0,2,0,0.8
"prse","2016","(534,811]",0,0,0,0,2,0,0.97
"prse","2017","(534,811]",0,0,0,0,2,0,0.96
"prse","2018","(534,811]",0,0,0,0,2,0,0.95
"prse","2019","(534,811]",0,0,0,0,2,0,1.03
"prse","2020","(534,811]",0,0,0,0,2,0,1.01
"prse","2021","(534,811]",47.93,0,0,100,2,1,1.06
"prse","2022","(534,811]",0,0,0,0,2,0,1.05
"prse","2013","(811,1.23e+03]",0,0,0,0,1,0,4.48
"prse","2014","(811,1.23e+03]",0,0,0,0,1,0,1.43
"prse","2015","(811,1.23e+03]",0,0,0,0,1,0,0.79
"prse","2016","(811,1.23e+03]",0,0,0,0,1,0,0.97
"prse","2017","(811,1.23e+03]",0,0,0,0,1,0,0.92
"prse","2018","(811,1.23e+03]",0,0,0,0,1,0,0.99
"prse","2019","(811,1.23e+03]",100,100,0,100,1,1,0.99
"prse","2020","(811,1.23e+03]",0,0,0,0,1,0,1.05
"prse","2021","(811,1.23e+03]",0,0,0,0,1,0,1.01
"qual","2013","[100,152]",0,0,0,0,29,0,4.7
"qual","2014","[100,152]",0,0,0,0,30,0,1.24
"qual","2015","[100,152]",0,0,0,0,30,0,0.79
"qual","2016","[100,152]",3.31,0,22.99,10.65,30,1,1.01
"qual","2017","[100,152]",40.25,19.68,20.69,56.53,27,11,1.02
"qual","2018","[100,152]",0,0,23.77,0,25,0,1
"qual","2019","[100,152]",5.04,0,0,13.94,19,1,1.05
"qual","2020","[100,152]",26.08,7.57,0,49.73,19,5,1.01
"qual","2021","[100,152]",17.64,0,0,39.21,19,3,0.89
"qual","2022","[100,152]",10.77,0,0,26.4,18,2,1.03
"qual","2013","(152,231]",0,0,0,0,30,0,4.75
"qual","2014","(152,231]",0,0,8.97,0,30,0,1.21
"qual","2015","(152,231]",0,0,0,0,29,0,0.79
"qual","2016","(152,231]",0,0,0,0,29,0,1
"qual","2017","(152,231]",13.5,2.96,12.15,29.41,29,4,1.02
"qual","2018","(152,231]",7.23,0,13.67,18.57,28,2,0.99
"qual","2019","(152,231]",3.26,0,12.77,9.42,30,1,1.02
"qual","2020","(152,231]",6.88,0,19.02,15.32,29,2,1
"qual","2021","(152,231]",7.98,0,0,19.59,27,2,0.93
"qual","2022","(152,231]",7.13,0,11.05,20.49,27,2,1.04
"qual","2013","(231,351]",0,0,0,0,56,0,4.73
"qual","2014","(231,351]",0,0,5.26,0,56,0,1.24
"qual","2015","(231,351]",0,0,8.41,0,55,0,0.79
"qual","2016","(231,351]",1.85,0,6.51,6.02,54,1,1
"qual","2017","(231,351]",10.94,2.19,6.05,22.82,53,6,1.04
"qual","2018","(231,351]",1.97,0,15.17,6.9,52,1,0.98
"qual","2019","(231,351]",6.44,0,6.8,14.26,45,3,1.04
"qual","2020","(231,351]",0,0,10.82,0,44,0,1.01
"qual","2021","(231,351]",20.9,6.91,13.63,34.72,42,8,0.9
"qual","2022","(231,351]",11.96,2.76,8.01,23.54,40,5,1.05
"qual","2013","(351,534]",0,0,0,0,130,0,4.76
"qual","2014","(351,534]",0,0,0,0,130,0,1.22
"qual","2015","(351,534]",0,0,5.32,0,130,0,0.79
"qual","2016","(351,534]",0,0,0,0,128,0,0.99
"qual","2017","(351,534]",7.54,3.36,0,13.06,128,10,1.04
"qual","2018","(351,534]",1.62,0,6.43,5.84,128,2,0.97
"qual","2019","(351,534]",4.92,1.54,0,9.35,117,6,1.04
"qual","2020","(351,534]",8.48,3.25,2.99,14.1,117,10,1.01
"qual","2021","(351,534]",12.28,6.23,6.47,19.08,116,13,0.91
"qual","2022","(351,534]",7.64,1.5,7.98,15.49,113,9,1.04
"qual","2013","(534,811]",0,0,0,0,139,0,4.77
"qual","2014","(534,811]",0,0,0,0,140,0,1.22
"qual","2015","(534,811]",0,0,3.47,0,140,0,0.79
"qual","2016","(534,811]",0,0,2.47,0,139,0,1
"qual","2017","(534,811]",5.6,2,0,10.25,138,8,1.04
"qual","2018","(534,811]",0.75,0,0,2.48,138,1,0.97
"qual","2019","(534,811]",4.63,0.81,0,9.43,144,7,1.05
"qual","2020","(534,811]",4.15,0.81,2.51,7.84,144,6,1
"qual","2021","(534,811]",14.52,9.61,2.79,20.05,143,19,0.91
"qual","2022","(534,811]",10.37,5.07,2.2,15.65,142,15,1.02
"qual","2013","(811,1.23e+03]",0,0,0,0,9,0,4.81
"qual","2014","(811,1.23e+03]",0,0,0,0,9,0,1.19
"qual","2015","(811,1.23e+03]",0,0,0,0,9,0,0.79
"qual","2016","(811,1.23e+03]",0,0,0,0,9,0,0.99
"qual","2017","(811,1.23e+03]",0,0,0,0,9,0,1.02
"qual","2018","(811,1.23e+03]",0,0,0,0,9,0,0.97
"qual","2019","(811,1.23e+03]",0,0,0,0,12,0,1.06
"qual","2020","(811,1.23e+03]",8.12,0,0,25.58,12,1,1.03
"qual","2021","(811,1.23e+03]",9.32,0,0,30.76,12,1,0.89
"qual","2022","(811,1.23e+03]",0,0,0,0,12,0,1.06
"quco","2013","(534,811]",0,0,0,0,1,0,4.79
"quco","2014","(534,811]",0,0,0,0,1,0,1.21
"quco","2015","(534,811]",0,0,0,0,1,0,0.79
"quco","2016","(534,811]",0,0,0,0,1,0,0.99
"quco","2017","(534,811]",0,0,0,0,1,0,1.04
"quco","2018","(534,811]",0,0,0,0,1,0,1.02
"quco","2019","(534,811]",0,0,0,0,1,0,1.02
"quco","2020","(534,811]",0,0,0,0,1,0,0.99
"quco","2021","(534,811]",100,100,0,100,1,1,0.86
"quco","2022","(534,811]",0,0,0,0,1,0,0.98
"qufa","2013","(534,811]",0,0,0,0,1,0,4.65
"qufa","2014","(534,811]",0,0,0,0,1,0,1.24
"qufa","2015","(534,811]",0,0,0,0,1,0,0.79
"qufa","2016","(534,811]",0,0,0,0,1,0,0.97
"qufa","2017","(534,811]",0,0,0,0,1,0,1.06
"qufa","2018","(534,811]",0,0,0,0,1,0,1.02
"qufa","2019","(534,811]",0,0,0,0,1,0,1.03
"qufa","2020","(534,811]",0,0,0,0,1,0,1
"qufa","2021","(534,811]",100,100,0,100,1,1,0.84
"qufa","2022","(534,811]",0,0,0,0,1,0,0.96
"qumi","2013","(152,231]",0,0,0,0,1,0,4.79
"qumi","2014","(152,231]",0,0,0,0,1,0,1.21
"qumi","2015","(152,231]",0,0,0,0,1,0,0.79
"qumi","2016","(152,231]",0,0,0,0,1,0,0.99
"qumi","2017","(152,231]",0,0,0,0,1,0,1.04
"qumi","2018","(152,231]",0,0,0,0,1,0,1.02
"qumi","2019","(152,231]",0,0,0,0,1,0,1.02
"qumi","2020","(152,231]",0,0,0,0,1,0,1
"qumi","2021","(152,231]",100,100,0,100,1,1,0.85
"qumi","2022","(152,231]",0,0,0,0,1,0,0.98
"qumi","2013","(231,351]",0,0,0,0,1,0,4.83
"qumi","2014","(231,351]",0,0,0,0,1,0,1.16
"qumi","2015","(231,351]",0,0,0,0,1,0,0.81
"qumi","2016","(231,351]",0,0,100,0,1,0,0.98
"qumi","2013","(351,534]",0,0,0,0,1,0,4.53
"qumi","2014","(351,534]",0,0,0,0,1,0,1.37
"qumi","2015","(351,534]",0,0,0,0,1,0,0.76
"qumi","2016","(351,534]",0,0,0,0,1,0,1
"qumi","2017","(351,534]",100,100,0,100,1,1,1.08
"qumi","2018","(351,534]",0,0,100,0,1,0,0.88
"qumi","2013","(534,811]",0,0,0,0,1,0,4.83
"qumi","2014","(534,811]",0,0,0,0,1,0,1.16
"qumi","2015","(534,811]",0,0,0,0,1,0,0.81
"qumi","2016","(534,811]",0,0,0,0,1,0,0.98
"qumi","2017","(534,811]",0,0,0,0,1,0,1.02
"qumi","2018","(534,811]",0,0,0,0,1,0,1.03
"qumi","2019","(534,811]",0,0,0,0,1,0,1
"qumi","2020","(534,811]",0,0,0,0,1,0,1.03
"qumi","2021","(534,811]",0,0,0,0,1,0,0.85
"qumi","2022","(534,811]",0,0,0,0,1,0,1.09
"qupr","2013","[100,152]",0,0,0,0,42,0,4.72
"qupr","2014","[100,152]",0,0,6.95,0,42,0,1.22
"qupr","2015","[100,152]",0,0,23.16,0,41,0,0.79
"qupr","2016","[100,152]",2.64,0,25.67,8.69,38,1,1
"qupr","2017","[100,152]",0,0,12.17,0,33,0,1.02
"qupr","2018","[100,152]",0,0,19.34,0,32,0,0.92
"qupr","2019","[100,152]",3.43,0,0,13.89,28,1,1.04
"qupr","2020","[100,152]",6.48,0,31.37,18.4,30,2,1.03
"qupr","2021","[100,152]",4.02,0,0,8.12,26,1,0.96
"qupr","2022","[100,152]",25.37,9.24,0,47.36,26,7,1.07
"qupr","2013","(152,231]",0,0,0,0,40,0,4.68
"qupr","2014","(152,231]",0,0,10.67,0,40,0,1.24
"qupr","2015","(152,231]",0,0,11.36,0,38,0,0.79
"qupr","2016","(152,231]",0,0,13.22,0,37,0,1
"qupr","2017","(152,231]",0,0,9.53,0,35,0,1.02
"qupr","2018","(152,231]",3.09,0,0,10.52,34,1,0.95
"qupr","2019","(152,231]",2.98,0,10.14,9.62,33,1,1.02
"qupr","2020","(152,231]",15.33,3.94,9.3,31.42,32,5,1.02
"qupr","2021","(152,231]",6.58,0,30.65,14.62,31,2,0.98
"qupr","2022","(152,231]",0,0,23.51,0,26,0,1.06
"qupr","2013","(231,351]",0,0,0,0,39,0,4.67
"qupr","2014","(231,351]",0,0,11.04,0,40,0,1.29
"qupr","2015","(231,351]",0,0,0,0,38,0,0.78
"qupr","2016","(231,351]",0,0,0,0,38,0,1
"qupr","2017","(231,351]",2.57,0,9.32,9.51,38,1,1.03
"qupr","2018","(231,351]",5.81,0,10.44,11.93,37,2,0.93
"qupr","2019","(231,351]",3.01,0,16.08,11.52,32,1,1.04
"qupr","2020","(231,351]",13.02,0,7.02,22.18,30,4,1.03
"qupr","2021","(231,351]",10.41,0,13.62,28.53,29,3,0.99
"qupr","2022","(231,351]",10.19,0,34.31,20.4,28,3,1.05
"qupr","2013","(351,534]",0,0,0,0,64,0,4.7
"qupr","2014","(351,534]",0,0,0,0,64,0,1.24
"qupr","2015","(351,534]",0,0,0,0,64,0,0.79
"qupr","2016","(351,534]",1.56,0,0,4.3,64,1,1
"qupr","2017","(351,534]",3.03,0,12.42,7.12,64,2,1.03
"qupr","2018","(351,534]",0,0,8.18,0,60,0,0.93
"qupr","2019","(351,534]",1.61,0,0,5.33,60,1,1.04
"qupr","2020","(351,534]",28.05,18.34,14.33,38.84,60,17,1.01
"qupr","2021","(351,534]",9.08,1.71,14.43,18.11,56,5,0.98
"qupr","2022","(351,534]",9.38,3.23,16.21,16.75,51,5,1.05
"qupr","2013","(534,811]",0,0,0,0,46,0,4.68
"qupr","2014","(534,811]",0,0,0,0,46,0,1.26
"qupr","2015","(534,811]",0,0,9.82,0,46,0,0.78
"qupr","2016","(534,811]",4.44,0,0,11.17,45,2,1
"qupr","2017","(534,811]",4.35,0,10.9,11.06,45,2,1.02
"qupr","2018","(534,811]",2.46,0,8.43,6.77,43,1,0.94
"qupr","2019","(534,811]",2.13,0,0,6.79,45,1,1.05
"qupr","2020","(534,811]",11.01,2.02,0,23.44,45,5,1.01
"qupr","2021","(534,811]",11.32,0,12.14,22.94,45,5,0.98
"qupr","2022","(534,811]",11.33,2.51,0,22.11,43,5,1.03
"qupr","2013","(811,1.23e+03]",0,0,0,0,3,0,4.66
"qupr","2014","(811,1.23e+03]",0,0,0,0,3,0,1.35
"qupr","2015","(811,1.23e+03]",0,0,0,0,3,0,0.78
"qupr","2016","(811,1.23e+03]",0,0,0,0,3,0,1.01
"qupr","2017","(811,1.23e+03]",0,0,0,0,3,0,1.04
"qupr","2018","(811,1.23e+03]",0,0,0,0,3,0,0.88
"qupr","2019","(811,1.23e+03]",30.54,0,0,100,3,1,1.11
"qupr","2020","(811,1.23e+03]",0,0,0,0,3,0,1.05
"qupr","2021","(811,1.23e+03]",70.58,0,0,100,3,2,0.9
"qupr","2022","(811,1.23e+03]",0,0,0,0,2,0,1.19
"quru","2013","[100,152]",0,0,0,0,50,0,4.71
"quru","2014","[100,152]",0,0,5.29,0,50,0,1.22
"quru","2015","[100,152]",0,0,0,0,49,0,0.8
"quru","2016","[100,152]",0,0,0,0,49,0,0.99
"quru","2017","[100,152]",3.99,0,7.03,9.31,49,2,1.02
"quru","2018","[100,152]",0,0,0,0,48,0,0.95
"quru","2019","[100,152]",0,0,0,0,33,0,1.04
"quru","2020","[100,152]",2.49,0,16.53,8.18,39,1,1.03
"quru","2021","[100,152]",2.98,0,9.54,9.36,36,1,0.93
"quru","2022","[100,152]",5.39,0,0,14.74,35,2,1.06
"quru","2013","(152,231]",0,0,0,0,49,0,4.74
"quru","2014","(152,231]",0,0,8.33,0,50,0,1.22
"quru","2015","(152,231]",0,0,9.42,0,48,0,0.79
"quru","2016","(152,231]",0,0,11.73,0,47,0,0.99
"quru","2017","(152,231]",4.35,0,7.36,11.37,45,2,1.02
"quru","2018","(152,231]",0,0,7.18,0,44,0,0.97
"quru","2019","(152,231]",0,0,0,0,47,0,1.05
"quru","2020","(152,231]",8.36,1.93,11.22,16.94,47,4,1.02
"quru","2021","(152,231]",2.38,0,7.85,8.55,45,1,0.93
"quru","2022","(152,231]",15.18,4.61,0,25.85,44,7,1.05
"quru","2013","(231,351]",0,0,0,0,61,0,4.72
"quru","2014","(231,351]",0,0,9.62,0,61,0,1.22
"quru","2015","(231,351]",0,0,0,0,58,0,0.79
"quru","2016","(231,351]",0,0,9.66,0,58,0,0.99
"quru","2017","(231,351]",1.73,0,0,6.06,56,1,1.03
"quru","2018","(231,351]",3.81,0,6.71,10.52,56,2,0.94
"quru","2019","(231,351]",0,0,5.35,0,57,0,1.05
"quru","2020","(231,351]",7.03,1.67,11.6,14.21,56,4,1.02
"quru","2021","(231,351]",2.03,0,12.84,6.04,53,1,0.93
"quru","2022","(231,351]",1.91,0,9.4,6.01,49,1,1.07
"quru","2013","(351,534]",0,0,0,0,73,0,4.71
"quru","2014","(351,534]",0,0,0,0,73,0,1.26
"quru","2015","(351,534]",0,0,12.11,0,73,0,0.79
"quru","2016","(351,534]",0,0,0,0,70,0,1
"quru","2017","(351,534]",4.16,0,6.93,9.88,70,3,1.03
"quru","2018","(351,534]",3.1,0,0,7.93,68,2,0.95
"quru","2019","(351,534]",1.6,0,8.64,5.17,60,1,1.04
"quru","2020","(351,534]",10.19,2.03,5.79,19.64,58,6,1.02
"quru","2021","(351,534]",5.65,0,8.76,13.5,57,3,0.93
"quru","2022","(351,534]",8.61,2.06,11.09,16.49,55,5,1.06
"quru","2013","(534,811]",0,0,0,0,109,0,4.72
"quru","2014","(534,811]",0,0,2.21,0,109,0,1.23
"quru","2015","(534,811]",0,0,0,0,108,0,0.79
"quru","2016","(534,811]",1.86,0,4.66,4.7,108,2,1
"quru","2017","(534,811]",3.67,0.87,7.44,7.31,106,4,1.03
"quru","2018","(534,811]",2.07,0,5.32,5.15,102,2,0.95
"quru","2019","(534,811]",1.86,0,2.89,4.77,103,2,1.05
"quru","2020","(534,811]",12.62,7.4,8.15,18.76,102,13,1.01
"quru","2021","(534,811]",8.6,3.91,7.05,14.28,98,8,0.95
"quru","2022","(534,811]",7.87,3.2,6.47,14,96,8,1.06
"quru","2013","(811,1.23e+03]",0,0,0,0,22,0,4.71
"quru","2014","(811,1.23e+03]",0,0,0,0,22,0,1.28
"quru","2015","(811,1.23e+03]",0,0,20.82,0,22,0,0.78
"quru","2016","(811,1.23e+03]",0,0,0,0,21,0,1
"quru","2017","(811,1.23e+03]",4.67,0,0,18.43,21,1,1.02
"quru","2018","(811,1.23e+03]",0,0,0,0,21,0,0.94
"quru","2019","(811,1.23e+03]",6.27,0,0,17.12,30,2,1.07
"quru","2020","(811,1.23e+03]",13.57,3.09,16.79,27.51,30,4,0.98
"quru","2021","(811,1.23e+03]",25.3,9.4,0,41.22,28,7,0.99
"quru","2022","(811,1.23e+03]",13.47,3.15,21.71,25.15,28,4,1.07
"quru","2013","(1.23e+03,1.87e+03]",0,0,0,0,4,0,4.72
"quru","2014","(1.23e+03,1.87e+03]",0,0,0,0,4,0,1.25
"quru","2015","(1.23e+03,1.87e+03]",0,0,0,0,4,0,0.77
"quru","2016","(1.23e+03,1.87e+03]",0,0,0,0,4,0,1.01
"quru","2017","(1.23e+03,1.87e+03]",0,0,0,0,4,0,1.01
"quru","2018","(1.23e+03,1.87e+03]",0,0,0,0,4,0,0.94
"quru","2019","(1.23e+03,1.87e+03]",0,0,0,0,4,0,1.06
"quru","2020","(1.23e+03,1.87e+03]",0,0,0,0,4,0,1.05
"quru","2021","(1.23e+03,1.87e+03]",26.7,0,0,100,4,1,0.93
"quru","2022","(1.23e+03,1.87e+03]",0,0,0,0,4,0,1.09
"quve","2013","[100,152]",0,0,0,0,9,0,4.72
"quve","2014","[100,152]",0,0,36.09,0,9,0,1.21
"quve","2015","[100,152]",0,0,0,0,8,0,0.79
"quve","2016","[100,152]",0,0,0,0,8,0,1
"quve","2017","[100,152]",0,0,0,0,8,0,1.02
"quve","2018","[100,152]",12.85,0,0,27.97,8,1,0.97
"quve","2019","[100,152]",0,0,0,0,7,0,1.03
"quve","2020","[100,152]",0,0,27.88,0,7,0,1.02
"quve","2021","[100,152]",51.84,0,0,100,6,3,0.95
"quve","2022","[100,152]",30.92,0,61.63,78.92,6,2,1.1
"quve","2013","(152,231]",0,0,0,0,12,0,4.7
"quve","2014","(152,231]",0,0,24.1,0,12,0,1.3
"quve","2015","(152,231]",0,0,0,0,11,0,0.79
"quve","2016","(152,231]",9.05,0,0,24.88,11,1,1
"quve","2017","(152,231]",17.84,0,39.69,49.14,11,2,1.02
"quve","2018","(152,231]",0,0,0,0,9,0,0.94
"quve","2019","(152,231]",0,0,0,0,8,0,1.06
"quve","2020","(152,231]",0,0,0,0,8,0,1.02
"quve","2021","(152,231]",13.81,0,46.92,45.57,8,1,0.9
"quve","2022","(152,231]",13.33,0,0,45.32,7,1,1.08
"quve","2013","(231,351]",0,0,0,0,32,0,4.72
"quve","2014","(231,351]",0,0,8.45,0,32,0,1.24
"quve","2015","(231,351]",0,0,0,0,31,0,0.79
"quve","2016","(231,351]",0,0,0,0,31,0,1
"quve","2017","(231,351]",6.27,0,11.51,17.82,31,2,1.03
"quve","2018","(231,351]",0,0,0,0,30,0,0.95
"quve","2019","(231,351]",3.35,0,0,11.85,28,1,1.07
"quve","2020","(231,351]",3.56,0,0,11.94,28,1,1
"quve","2021","(231,351]",15.32,3.79,13.6,29.5,28,4,0.93
"quve","2022","(231,351]",10.73,0,0,24.5,27,3,1.04
"quve","2013","(351,534]",0,0,0,0,95,0,4.73
"quve","2014","(351,534]",0,0,2.85,0,95,0,1.24
"quve","2015","(351,534]",0,0,4.69,0,94,0,0.79
"quve","2016","(351,534]",3.24,0,7.41,7,93,3,1
"quve","2017","(351,534]",2.18,0,7.56,5.58,90,2,1.02
"quve","2018","(351,534]",2.4,0,3.63,5.71,87,2,0.96
"quve","2019","(351,534]",3.94,0,0,9.65,73,3,1.04
"quve","2020","(351,534]",8.12,2.75,11.31,14.59,73,6,1.01
"quve","2021","(351,534]",7.76,1.73,10.93,15.45,69,5,0.93
"quve","2022","(351,534]",8.68,3.1,15.62,16.03,65,6,1.07
"quve","2013","(534,811]",0,0,0,0,124,0,4.74
"quve","2014","(534,811]",0,0,4.57,0,124,0,1.23
"quve","2015","(534,811]",0,0,7.1,0,120,0,0.79
"quve","2016","(534,811]",0,0,8.74,0,117,0,0.99
"quve","2017","(534,811]",10.51,5.05,7.06,16.26,112,12,1.02
"quve","2018","(534,811]",2.9,0,11.68,6.66,109,3,0.95
"quve","2019","(534,811]",4.14,0.95,4.26,8.27,115,5,1.05
"quve","2020","(534,811]",10.2,4.36,7.02,16.84,115,12,1.02
"quve","2021","(534,811]",12.36,5.5,16.7,20.66,111,13,0.94
"quve","2022","(534,811]",10.48,4.7,7.04,17.7,100,11,1.05
"quve","2013","(811,1.23e+03]",0,0,0,0,16,0,4.79
"quve","2014","(811,1.23e+03]",0,0,18.71,0,16,0,1.26
"quve","2015","(811,1.23e+03]",0,0,0,0,15,0,0.78
"quve","2016","(811,1.23e+03]",0,0,0,0,15,0,1.01
"quve","2017","(811,1.23e+03]",0,0,0,0,15,0,1.05
"quve","2018","(811,1.23e+03]",0,0,0,0,15,0,0.96
"quve","2019","(811,1.23e+03]",0,0,20.24,0,17,0,1.07
"quve","2020","(811,1.23e+03]",18.2,0,18.43,39.9,16,3,1.03
"quve","2021","(811,1.23e+03]",37.06,10.59,0,64.88,15,5,0.88
"quve","2022","(811,1.23e+03]",12.7,0,41.1,26.85,15,2,1.05
"quve","2013","(1.23e+03,1.87e+03]",0,0,0,0,2,0,3.87
"quve","2014","(1.23e+03,1.87e+03]",0,0,0,0,2,0,1.25
"quve","2015","(1.23e+03,1.87e+03]",0,0,0,0,2,0,0.8
"quve","2016","(1.23e+03,1.87e+03]",0,0,0,0,2,0,0.98
"quve","2017","(1.23e+03,1.87e+03]",0,0,0,0,2,0,0.96
"quve","2018","(1.23e+03,1.87e+03]",0,0,0,0,2,0,0.97
"quve","2019","(1.23e+03,1.87e+03]",50.31,0,0,100,2,1,0.99
"quve","2020","(1.23e+03,1.87e+03]",0,0,0,0,2,0,1.03
"quve","2021","(1.23e+03,1.87e+03]",0,0,100,0,2,0,0.98
"quve","2022","(1.23e+03,1.87e+03]",0,0,0,0,1,0,1.2
"rops","2014","(152,231]",0,0,0,0,1,0,1.44
"rops","2015","(152,231]",0,0,0,0,1,0,0.79
"rops","2016","(152,231]",100,100,0,100,1,1,0.97
"rops","2017","(152,231]",0,0,0,0,1,0,0.92
"rops","2018","(152,231]",0,0,0,0,1,0,0.98
"rops","2013","(231,351]",0,0,0,0,1,0,4.7
"rops","2014","(231,351]",0,0,0,0,1,0,1.11
"rops","2015","(231,351]",0,0,0,0,1,0,0.8
"rops","2016","(231,351]",0,0,0,0,1,0,0.98
"rops","2017","(231,351]",0,0,100,0,1,0,1.02
"rops","2022","(231,351]",0,0,0,0,1,0,1.05
"rops","2013","(351,534]",0,0,0,0,3,0,4.72
"rops","2014","(351,534]",0,0,0,0,3,0,1.2
"rops","2015","(351,534]",0,0,100,0,3,0,0.8
"rops","2016","(351,534]",0,0,0,0,1,0,1
"rops","2017","(351,534]",0,0,0,0,1,0,1.02
"rops","2018","(351,534]",0,0,0,0,2,0,1
"rops","2019","(351,534]",0,0,0,0,2,0,1.02
"rops","2020","(351,534]",50.21,0,0,100,2,1,0.99
"rops","2021","(351,534]",0,0,0,0,2,0,1
"rops","2022","(351,534]",65.15,0,0,100,3,2,1.04
"saal","2013","[100,152]",0,0,0,0,17,0,4.71
"saal","2014","[100,152]",0,0,22.93,0,18,0,1.23
"saal","2015","[100,152]",0,0,24.71,0,16,0,0.8
"saal","2016","[100,152]",6.7,0,33.45,22.26,15,1,0.99
"saal","2017","[100,152]",7.76,0,0,22.24,13,1,0.99
"saal","2018","[100,152]",16.07,0,0,39.64,13,2,0.95
"saal","2019","[100,152]",0,0,0,0,11,0,1.04
"saal","2020","[100,152]",7.44,0,18.45,25.86,13,1,1.04
"saal","2021","[100,152]",8.88,0,30.71,29.34,12,1,0.94
"saal","2022","[100,152]",16.87,0,29.56,43.53,11,2,1.09
"saal","2013","(152,231]",0,0,0,0,19,0,4.65
"saal","2014","(152,231]",0,0,0,0,20,0,1.24
"saal","2015","(152,231]",0,0,30.68,0,20,0,0.79
"saal","2016","(152,231]",22.46,0,0,39.99,18,4,0.99
"saal","2017","(152,231]",5.69,0,0,18.2,18,1,0.98
"saal","2018","(152,231]",0,0,0,0,18,0,0.97
"saal","2019","(152,231]",0,0,0,0,14,0,1.04
"saal","2020","(152,231]",13.99,0,23.23,37.08,14,2,1.02
"saal","2021","(152,231]",7.61,0,0,27.11,13,1,1.01
"saal","2022","(152,231]",23,0,27.82,46.23,12,3,1.1
"saal","2013","(231,351]",0,0,0,0,17,0,4.7
"saal","2014","(231,351]",0,0,17,0,17,0,1.21
"saal","2015","(231,351]",0,0,28.15,0,16,0,0.8
"saal","2016","(231,351]",0,0,21.56,0,15,0,0.98
"saal","2017","(231,351]",0,0,0,0,14,0,0.99
"saal","2018","(231,351]",0,0,0,0,14,0,0.96
"saal","2019","(231,351]",5.38,0,0,16.82,18,1,1.03
"saal","2020","(231,351]",10.84,0,19.62,29.72,18,2,1.03
"saal","2021","(231,351]",29.7,9.11,0,49.45,17,5,0.99
"saal","2022","(231,351]",5.85,0,17.69,22.82,16,1,1.07
"saal","2013","(351,534]",0,0,0,0,3,0,4.2
"saal","2014","(351,534]",0,0,0,0,3,0,1.16
"saal","2015","(351,534]",0,0,100,0,3,0,0.82
"saal","2016","(351,534]",0,0,0,0,2,0,0.95
"saal","2017","(351,534]",0,0,0,0,2,0,0.92
"saal","2018","(351,534]",0,0,0,0,2,0,0.99
"saal","2019","(351,534]",0,0,0,0,2,0,0.98
"saal","2020","(351,534]",48.19,0,0,100,2,1,1.05
"saal","2021","(351,534]",47.49,0,0,100,2,1,1.08
"saal","2022","(351,534]",49.37,0,0,100,2,1,1.02
"tiam","2013","[100,152]",0,0,0,0,25,0,4.69
"tiam","2014","[100,152]",0,0,12.31,0,25,0,1.34
"tiam","2015","[100,152]",0,0,0,0,24,0,0.78
"tiam","2016","[100,152]",0,0,0,0,24,0,1.02
"tiam","2017","[100,152]",0,0,0,0,24,0,1.03
"tiam","2018","[100,152]",0,0,0,0,24,0,0.89
"tiam","2019","[100,152]",0,0,0,0,18,0,1.1
"tiam","2020","[100,152]",4.82,0,0,18.42,20,1,1.04
"tiam","2021","[100,152]",5.7,0,0,16.34,20,1,0.87
"tiam","2022","[100,152]",4.35,0,0,16.42,20,1,1.15
"tiam","2013","(152,231]",0,0,0,0,39,0,4.66
"tiam","2014","(152,231]",0,0,0,0,39,0,1.37
"tiam","2015","(152,231]",0,0,0,0,39,0,0.78
"tiam","2016","(152,231]",0,0,0,0,39,0,1.02
"tiam","2017","(152,231]",2.47,0,0,11.04,39,1,1.04
"tiam","2018","(152,231]",2.79,0,0,13.19,39,1,0.92
"tiam","2019","(152,231]",2.22,0,0,9.69,42,1,1.08
"tiam","2020","(152,231]",4.65,0,0,11.29,42,2,1.03
"tiam","2021","(152,231]",2.8,0,10.48,6.3,41,1,0.87
"tiam","2022","(152,231]",8.73,2.84,0,17.8,40,4,1.15
"tiam","2013","(231,351]",0,0,0,0,40,0,4.66
"tiam","2014","(231,351]",0,0,8.12,0,40,0,1.33
"tiam","2015","(231,351]",0,0,0,0,39,0,0.79
"tiam","2016","(231,351]",5.07,0,0,11.92,39,2,1.01
"tiam","2017","(231,351]",0,0,0,0,39,0,1.04
"tiam","2018","(231,351]",2.81,0,10.23,7.19,39,1,0.91
"tiam","2019","(231,351]",2.45,0,0,7.55,38,1,1.07
"tiam","2020","(231,351]",5.11,0,0,16.61,38,2,1.03
"tiam","2021","(231,351]",2.98,0,9.16,11.85,38,1,0.88
"tiam","2022","(231,351]",4.78,0,0,15.95,37,2,1.14
"tiam","2013","(351,534]",0,0,0,0,24,0,4.65
"tiam","2014","(351,534]",0,0,12.38,0,24,0,1.37
"tiam","2015","(351,534]",0,0,0,0,23,0,0.78
"tiam","2016","(351,534]",0,0,7.75,0,23,0,1.02
"tiam","2017","(351,534]",0,0,0,0,22,0,1.03
"tiam","2018","(351,534]",4.92,0,0,9.54,22,1,0.92
"tiam","2019","(351,534]",0,0,0,0,21,0,1.08
"tiam","2020","(351,534]",13.81,0,0,43.72,21,3,1.04
"tiam","2021","(351,534]",0,0,36.8,0,21,0,0.86
"tiam","2022","(351,534]",13.7,0,19.68,33.17,19,3,1.17
"tiam","2013","(534,811]",0,0,0,0,4,0,4.68
"tiam","2014","(534,811]",0,0,0,0,4,0,1.32
"tiam","2015","(534,811]",0,0,0,0,4,0,0.79
"tiam","2016","(534,811]",0,0,0,0,4,0,1.01
"tiam","2017","(534,811]",0,0,0,0,4,0,1.03
"tiam","2018","(534,811]",0,0,0,0,4,0,0.89
"tiam","2019","(534,811]",0,0,0,0,4,0,1.07
"tiam","2020","(534,811]",0,0,0,0,4,0,1.05
"tiam","2021","(534,811]",0,0,0,0,4,0,0.88
"tiam","2022","(534,811]",21.92,0,0,44.61,4,1,1.16
"ulam","2013","[100,152]",0,0,0,0,4,0,4.56
"ulam","2014","[100,152]",0,0,0,0,4,0,1.36
"ulam","2015","[100,152]",0,0,0,0,4,0,0.8
"ulam","2016","[100,152]",0,0,0,0,4,0,0.98
"ulam","2017","[100,152]",25.42,0,0,100,4,1,0.98
"ulam","2018","[100,152]",0,0,100,0,4,0,0.96
"ulam","2019","[100,152]",0,0,0,0,2,0,0.95
"ulam","2020","[100,152]",0,0,0,0,3,0,1.06
"ulam","2021","[100,152]",0,0,0,0,3,0,0.95
"ulam","2022","[100,152]",30.42,0,0,100,3,1,1.12
"ulam","2013","(152,231]",0,0,0,0,6,0,4.65
"ulam","2014","(152,231]",0,0,0,0,6,0,1.27
"ulam","2015","(152,231]",0,0,64.97,0,6,0,0.81
"ulam","2016","(152,231]",0,0,66.76,0,5,0,0.99
"ulam","2017","(152,231]",25.18,0,0,100,4,1,0.99
"ulam","2018","(152,231]",0,0,0,0,4,0,0.92
"ulam","2019","(152,231]",0,0,0,0,4,0,1.03
"ulam","2020","(152,231]",0,0,100,0,4,0,1.09
"ulam","2021","(152,231]",0,0,0,0,3,0,0.86
"ulam","2022","(152,231]",30.5,0,0,100,3,1,1.11
"ulam","2013","(231,351]",0,0,0,0,2,0,4.7
"ulam","2014","(231,351]",0,0,100,0,2,0,1.18
"ulam","2015","(231,351]",0,0,0,0,1,0,0.81
"ulam","2016","(231,351]",0,0,0,0,1,0,0.99
"ulam","2017","(231,351]",0,0,0,0,1,0,1
"ulam","2018","(231,351]",0,0,0,0,1,0,0.96
"ulam","2019","(231,351]",0,0,0,0,1,0,1.04
"ulam","2020","(231,351]",0,0,0,0,1,0,1.11
"ulam","2021","(231,351]",0,0,0,0,1,0,0.85
"ulam","2022","(231,351]",0,0,0,0,1,0,1.07
"ulru","2013","[100,152]",0,0,0,0,82,0,4.71
"ulru","2014","[100,152]",0,0,12.8,0,82,0,1.19
"ulru","2015","[100,152]",0,0,17.02,0,75,0,0.81
"ulru","2016","[100,152]",11.79,3.65,17.73,22.47,69,8,0.98
"ulru","2017","[100,152]",25.29,13.08,23.38,36.72,63,16,1
"ulru","2018","[100,152]",5.67,0,11.58,13.29,55,3,0.96
"ulru","2019","[100,152]",4.28,0,7.77,10.75,46,2,1.02
"ulru","2020","[100,152]",14.07,5.93,8.99,23.32,54,8,1.06
"ulru","2021","[100,152]",16.38,5.98,15.42,26.62,52,8,0.93
"ulru","2022","[100,152]",19.16,9.01,9.19,30.88,45,9,1.05
"ulru","2013","(152,231]",0,0,1.84,0,40,0,4.7
"ulru","2014","(152,231]",0,0,17.77,0,39,0,1.18
"ulru","2015","(152,231]",0,0,36.66,0,35,0,0.8
"ulru","2016","(152,231]",0,0,33.89,0,30,0,0.98
"ulru","2017","(152,231]",19.91,7.81,20.94,36.09,25,5,1
"ulru","2018","(152,231]",4.69,0,21.63,14.89,23,1,0.92
"ulru","2019","(152,231]",0,0,0,0,25,0,1.02
"ulru","2020","(152,231]",0,0,13.63,0,25,0,1.07
"ulru","2021","(152,231]",22.62,5.1,29.28,37.82,23,5,0.96
"ulru","2022","(152,231]",8.95,0,16.65,23.75,21,2,1.07
"ulru","2013","(231,351]",0,0,0,0,9,0,4.71
"ulru","2014","(231,351]",0,0,44.54,0,10,0,1.15
"ulru","2015","(231,351]",0,0,0,0,8,0,0.81
"ulru","2016","(231,351]",0,0,0,0,8,0,0.98
"ulru","2017","(231,351]",24.82,0,0,65.91,8,2,1.01
"ulru","2018","(231,351]",0,0,46.2,0,8,0,0.94
"ulru","2019","(231,351]",0,0,0,0,7,0,1.04
"ulru","2020","(231,351]",13.26,0,72.57,47.72,7,1,1.08
"ulru","2021","(231,351]",0,0,79.32,0,5,0,0.88
"ulru","2022","(231,351]",39.38,0,100,85.37,5,2,1.02
"ulru","2013","(351,534]",0,0,0,0,1,0,4.7
"ulru","2014","(351,534]",0,0,100,0,1,0,1.17
"vipr","2013","[100,152]",0,0,0,0,10,0,4.72
"vipr","2014","[100,152]",0,0,0,0,12,0,1.18
"vipr","2015","[100,152]",0,0,0,0,12,0,0.8
"vipr","2016","[100,152]",0,0,0,0,12,0,0.99
"vipr","2017","[100,152]",16.44,0,0,37.1,12,2,1.01
"vipr","2018","[100,152]",8.52,0,0,18.13,12,1,0.98
"vipr","2019","[100,152]",0,0,0,0,10,0,1
"vipr","2020","[100,152]",14.17,0,0,33.13,14,2,1.01
"vipr","2021","[100,152]",0,0,23.99,0,13,0,0.94
"vipr","2022","[100,152]",23.87,0,0,48.18,12,3,1.05
